"","disease","state","year","weeks_reporting","count","population","imputed_cases_per_100k","cases_per_100k"
"1","Smallpox","Alabama",1928,51,341,2589923,13.424579592127,13.1664145999707
"2","Smallpox","Alabama",1929,52,378,2619131,14.4322678018014,14.4322678018014
"3","Smallpox","Alabama",1930,52,192,2646248,7.25555579068931,7.25555579068931
"4","Smallpox","Alabama",1931,52,295,2670818,11.0453052210971,11.0453052210971
"5","Smallpox","Alabama",1932,52,467,2693027,17.3410812442653,17.3410812442653
"6","Smallpox","Alabama",1933,52,82,2713243,3.02221363880788,3.02221363880788
"7","Smallpox","Alabama",1934,52,23,2731850,0.841920310412358,0.841920310412358
"8","Smallpox","Alabama",1935,52,42,2749249,1.52768992550329,1.52768992550329
"9","Smallpox","Alabama",1936,51,12,2765853,0.442369645734862,0.433862537163038
"10","Smallpox","Alabama",1937,52,54,2782085,1.94099030044014,1.94099030044014
"11","Smallpox","Alabama",1938,52,74,2798382,2.64438521974484,2.64438521974484
"12","Smallpox","Alabama",1939,52,52,2815188,1.84712353135918,1.84712353135918
"13","Smallpox","Alabama",1940,51,49,2832961,1.76355355099225,1.72963905962701
"14","Smallpox","Alabama",1941,51,12,2852063,0.428998031167161,0.420748069029331
"15","Smallpox","Alabama",1942,52,13,2872445,0.452576115469574,0.452576115469574
"16","Smallpox","Alabama",1943,52,20,2893949,0.691097182431342,0.691097182431342
"17","Smallpox","Alabama",1944,51,12,2916414,0.419532141789439,0.411464215985796
"18","Smallpox","Alabama",1945,52,5,2939676,0.170086771467332,0.170086771467332
"19","Smallpox","Alabama",1946,52,5,2963562,0.168715889864967,0.168715889864967
"20","Smallpox","Alabama",1947,49,6,2987897,0.213104633083922,0.200810135021388
"21","Smallpox","Alabama",1948,25,15,3012499,1.03568499109875,0.497925476489785
"22","Smallpox","Alabama",1949,0,0,3037179,0,0
"23","Smallpox","Alabama",1950,0,0,3061743,0,0
"24","Smallpox","Alabama",1951,1,1,3086002,1.68502807191959,0.0324043859984537
"25","Smallpox","Alabama",1952,0,0,3109808,0,0
"26","Smallpox","Alabama",1953,0,0,3133025,0,0
"27","Smallpox","Alaska",1928,0,0,NA,NA,NA
"28","Smallpox","Alaska",1929,0,0,NA,NA,NA
"29","Smallpox","Alaska",1930,0,0,NA,NA,NA
"30","Smallpox","Alaska",1931,0,0,NA,NA,NA
"31","Smallpox","Alaska",1932,0,0,NA,NA,NA
"32","Smallpox","Alaska",1933,0,0,NA,NA,NA
"33","Smallpox","Alaska",1934,0,0,NA,NA,NA
"34","Smallpox","Alaska",1935,0,0,NA,NA,NA
"35","Smallpox","Alaska",1936,0,0,NA,NA,NA
"36","Smallpox","Alaska",1937,0,0,NA,NA,NA
"37","Smallpox","Alaska",1938,0,0,NA,NA,NA
"38","Smallpox","Alaska",1939,0,0,NA,NA,NA
"39","Smallpox","Alaska",1940,0,0,NA,NA,NA
"40","Smallpox","Alaska",1941,0,0,NA,NA,NA
"41","Smallpox","Alaska",1942,0,0,NA,NA,NA
"42","Smallpox","Alaska",1943,0,0,NA,NA,NA
"43","Smallpox","Alaska",1944,0,0,NA,NA,NA
"44","Smallpox","Alaska",1945,0,0,NA,NA,NA
"45","Smallpox","Alaska",1946,0,0,NA,NA,NA
"46","Smallpox","Alaska",1947,0,0,NA,NA,NA
"47","Smallpox","Alaska",1948,0,0,NA,NA,NA
"48","Smallpox","Alaska",1949,0,0,NA,NA,NA
"49","Smallpox","Alaska",1950,0,0,NA,NA,NA
"50","Smallpox","Alaska",1951,0,0,NA,NA,NA
"51","Smallpox","Alaska",1952,0,0,NA,NA,NA
"52","Smallpox","Alaska",1953,0,0,NA,NA,NA
"53","Smallpox","Arizona",1928,51,410,419022,99.7654575860634,97.8468910940237
"54","Smallpox","Arizona",1929,52,276,427789,64.5177879749129,64.5177879749129
"55","Smallpox","Arizona",1930,52,548,435573,125.811287660163,125.811287660163
"56","Smallpox","Arizona",1931,52,46,442257,10.401192067056,10.401192067056
"57","Smallpox","Arizona",1932,51,7,448031,1.59302702312134,1.56239188806132
"58","Smallpox","Arizona",1933,52,10,453180,2.20662871265281,2.20662871265281
"59","Smallpox","Arizona",1934,52,3,458009,0.655008962705973,0.655008962705973
"60","Smallpox","Arizona",1935,52,2,462838,0.432116636922638,0.432116636922638
"61","Smallpox","Arizona",1936,51,3,467998,0.653597564393815,0.641028380463164
"62","Smallpox","Arizona",1937,52,3,473840,0.633125105520851,0.633125105520851
"63","Smallpox","Arizona",1938,52,165,480730,34.3228007405404,34.3228007405404
"64","Smallpox","Arizona",1939,52,291,489061,59.5017799415615,59.5017799415615
"65","Smallpox","Arizona",1940,51,81,499261,16.5420962771211,16.2239790410226
"66","Smallpox","Arizona",1941,51,16,511731,3.18794942854665,3.12664270876691
"67","Smallpox","Arizona",1942,52,5,526617,0.949456625972956,0.949456625972956
"68","Smallpox","Arizona",1943,52,6,544018,1.10290468330092,1.10290468330092
"69","Smallpox","Arizona",1944,51,7,564056,1.26534509019686,1.24101153076999
"70","Smallpox","Arizona",1945,52,3,586878,0.511179495568074,0.511179495568074
"71","Smallpox","Arizona",1946,51,2,612654,0.332849485398693,0.326448533756411
"72","Smallpox","Arizona",1947,49,0,641579,0,0
"73","Smallpox","Arizona",1948,25,2,673875,0.617325171582267,0.29679094787609
"74","Smallpox","Arizona",1949,3,3,709787,7.32614150442316,0.422662009870567
"75","Smallpox","Arizona",1950,2,2,749587,6.93715339246812,0.266813592018005
"76","Smallpox","Arizona",1951,2,3,793493,9.82995439153212,0.378075168905082
"77","Smallpox","Arizona",1952,2,3,841392,9.27035198813395,0.356551999543613
"78","Smallpox","Arizona",1953,0,0,892999,0,0
"79","Smallpox","Arkansas",1928,51,248,1834261,13.7855378868132,13.5204313889899
"80","Smallpox","Arkansas",1929,52,199,1844191,10.7906393643608,10.7906393643608
"81","Smallpox","Arkansas",1930,52,410,1854482,22.1085995981627,22.1085995981627
"82","Smallpox","Arkansas",1931,52,753,1865216,40.3706594839418,40.3706594839418
"83","Smallpox","Arkansas",1932,52,360,1876247,19.1872392067782,19.1872392067782
"84","Smallpox","Arkansas",1933,52,230,1887368,12.1862826963263,12.1862826963263
"85","Smallpox","Arkansas",1934,52,107,1898367,5.63642330487203,5.63642330487203
"86","Smallpox","Arkansas",1935,52,61,1909028,3.19534338941074,3.19534338941074
"87","Smallpox","Arkansas",1936,51,14,1919130,0.743801087155199,0.729497220094522
"88","Smallpox","Arkansas",1937,52,95,1928446,4.92624631438993,4.92624631438993
"89","Smallpox","Arkansas",1938,52,227,1936749,11.7206721160047,11.7206721160047
"90","Smallpox","Arkansas",1939,52,151,1943807,7.76826094360191,7.76826094360191
"91","Smallpox","Arkansas",1940,51,90,1949387,4.70736215447999,4.61683595920153
"92","Smallpox","Arkansas",1941,51,33,1953293,1.72258124221658,1.68945467986626
"93","Smallpox","Arkansas",1942,52,62,1955469,3.17059488030749,3.17059488030749
"94","Smallpox","Arkansas",1943,52,57,1955897,2.91426389017418,2.91426389017418
"95","Smallpox","Arkansas",1944,51,21,1954565,1.0954746813681,1.07440786057256
"96","Smallpox","Arkansas",1945,52,31,1951465,1.58855014053544,1.58855014053544
"97","Smallpox","Arkansas",1946,52,11,1946593,0.565089877545023,0.565089877545023
"98","Smallpox","Arkansas",1947,49,4,1939953,0.218814474329207,0.206190562348675
"99","Smallpox","Arkansas",1948,25,20,1931550,2.15371075043359,1.03543786078538
"100","Smallpox","Arkansas",1949,0,0,1921397,0,0
"101","Smallpox","Arkansas",1950,1,1,1909511,2.72321028786951,0.0523694286128752
"102","Smallpox","Arkansas",1951,0,0,1896004,0,0
"103","Smallpox","Arkansas",1952,0,0,1881353,0,0
"104","Smallpox","Arkansas",1953,0,0,1866113,0,0
"105","Smallpox","California",1928,51,990,5230775,19.2975565706015,18.9264497134746
"106","Smallpox","California",1929,52,2009,5465979,36.7546234626953,36.7546234626953
"107","Smallpox","California",1930,52,2293,5677251,40.3892658612416,40.3892658612416
"108","Smallpox","California",1931,52,1390,5856343,23.734948584808,23.734948584808
"109","Smallpox","California",1932,52,495,6004994,8.24313896067173,8.24313896067173
"110","Smallpox","California",1933,52,1059,6128552,17.2797750594268,17.2797750594268
"111","Smallpox","California",1934,52,181,6233386,2.9037187814135,2.9037187814135
"112","Smallpox","California",1935,52,296,6326636,4.67863174046998,4.67863174046998
"113","Smallpox","California",1936,51,115,6416022,1.82753272917057,1.79238786899421
"114","Smallpox","California",1937,52,498,6509758,7.65005396513972,7.65005396513972
"115","Smallpox","California",1938,52,1135,6616546,17.1539652259653,17.1539652259653
"116","Smallpox","California",1939,52,720,6745701,10.6734644775984,10.6734644775984
"117","Smallpox","California",1940,50,191,6907387,2.87576184742508,2.76515562252412
"118","Smallpox","California",1941,51,13,7110629,0.186409696818443,0.18282489495655
"119","Smallpox","California",1942,52,7,7356081,0.0951593654284122,0.0951593654284122
"120","Smallpox","California",1943,52,4,7642242,0.0523406612876169,0.0523406612876169
"121","Smallpox","California",1944,51,17,7967508,0.217550246994836,0.213366588398782
"122","Smallpox","California",1945,52,5,8329968,0.060024240189158,0.060024240189158
"123","Smallpox","California",1946,52,10,8727200,0.114584288202402,0.114584288202402
"124","Smallpox","California",1947,49,1,9156064,0.0115904005235865,0.0109217235703027
"125","Smallpox","California",1948,25,43,9612509,0.93045426537442,0.44733378143001
"126","Smallpox","California",1949,1,1,10091374,0.515291574764745,0.00990945336086047
"127","Smallpox","California",1950,0,0,10586224,0,0
"128","Smallpox","California",1951,0,0,11090473,0,0
"129","Smallpox","California",1952,0,0,11601536,0,0
"130","Smallpox","California",1953,0,0,12117830,0,0
"131","Smallpox","Colorado",1928,49,340,1017341,35.4666062343513,33.4204558746772
"132","Smallpox","Colorado",1929,51,844,1026769,83.811355777964,82.1995989360801
"133","Smallpox","Colorado",1930,52,562,1035791,54.2580501278733,54.2580501278733
"134","Smallpox","Colorado",1931,52,265,1044337,25.3749508061095,25.3749508061095
"135","Smallpox","Colorado",1932,52,61,1052508,5.79568041288047,5.79568041288047
"136","Smallpox","Colorado",1933,52,167,1060454,15.7479720949706,15.7479720949706
"137","Smallpox","Colorado",1934,52,154,1068328,14.4150485618649,14.4150485618649
"138","Smallpox","Colorado",1935,52,172,1076289,15.9808378604631,15.9808378604631
"139","Smallpox","Colorado",1936,51,196,1084500,18.4272141313879,18.0728446288612
"140","Smallpox","Colorado",1937,52,212,1093129,19.3938684272396,19.3938684272396
"141","Smallpox","Colorado",1938,52,274,1102350,24.8559894770264,24.8559894770264
"142","Smallpox","Colorado",1939,52,361,1112343,32.4540182299884,32.4540182299884
"143","Smallpox","Colorado",1940,51,253,1123296,22.9646312560292,22.5230037318748
"144","Smallpox","Colorado",1941,51,51,1135396,4.5798998763427,4.49182487872073
"145","Smallpox","Colorado",1942,52,21,1148802,1.82799124653335,1.82799124653335
"146","Smallpox","Colorado",1943,52,12,1163673,1.03121753276049,1.03121753276049
"147","Smallpox","Colorado",1944,51,13,1180180,1.12312545211614,1.1015268857293
"148","Smallpox","Colorado",1945,52,6,1198507,0.500622858272834,0.500622858272834
"149","Smallpox","Colorado",1946,52,13,1218852,1.06657740234253,1.06657740234253
"150","Smallpox","Colorado",1947,49,1,1241433,0.0854838311689732,0.0805520716784555
"151","Smallpox","Colorado",1948,25,17,1266487,2.79197496697558,1.3422956571998
"152","Smallpox","Colorado",1949,2,2,1294276,4.01769019899929,0.154526546115357
"153","Smallpox","Colorado",1950,2,2,1325089,3.92426470976666,0.150933258067949
"154","Smallpox","Colorado",1951,0,0,1359143,0,0
"155","Smallpox","Colorado",1952,0,0,1396249,0,0
"156","Smallpox","Colorado",1953,0,0,1436087,0,0
"157","Smallpox","Connecticut",1928,51,161,1574079,10.428756291463,10.228203285858
"158","Smallpox","Connecticut",1929,52,43,1591618,2.70165328615283,2.70165328615283
"159","Smallpox","Connecticut",1930,52,0,1606903,0,0
"160","Smallpox","Connecticut",1931,52,100,1619815,6.17354450971253,6.17354450971253
"161","Smallpox","Connecticut",1932,52,86,1630719,5.27374734702913,5.27374734702913
"162","Smallpox","Connecticut",1933,52,29,1640119,1.76816438319415,1.76816438319415
"163","Smallpox","Connecticut",1934,52,0,1648537,0,0
"164","Smallpox","Connecticut",1935,52,0,1656509,0,0
"165","Smallpox","Connecticut",1936,50,0,1664582,0,0
"166","Smallpox","Connecticut",1937,52,0,1673313,0,0
"167","Smallpox","Connecticut",1938,52,0,1683273,0,0
"168","Smallpox","Connecticut",1939,52,6,1695047,0.353972485718685,0.353972485718685
"169","Smallpox","Connecticut",1940,51,0,1709242,0,0
"170","Smallpox","Connecticut",1941,51,0,1726368,0,0
"171","Smallpox","Connecticut",1942,52,0,1746470,0,0
"172","Smallpox","Connecticut",1943,52,0,1769482,0,0
"173","Smallpox","Connecticut",1944,51,0,1795344,0,0
"174","Smallpox","Connecticut",1945,52,0,1823998,0,0
"175","Smallpox","Connecticut",1946,52,0,1855392,0,0
"176","Smallpox","Connecticut",1947,49,0,1889472,0,0
"177","Smallpox","Connecticut",1948,24,0,1926186,0,0
"178","Smallpox","Connecticut",1949,0,0,1965475,0,0
"179","Smallpox","Connecticut",1950,0,0,2007280,0,0
"180","Smallpox","Connecticut",1951,0,0,2051526,0,0
"181","Smallpox","Connecticut",1952,0,0,2098103,0,0
"182","Smallpox","Connecticut",1953,0,0,2146881,0,0
"183","Smallpox","Delaware",1928,50,2,234814,0.88580749018372,0.8517379713305
"184","Smallpox","Delaware",1929,51,2,236508,0.862218481520503,0.845637356875877
"185","Smallpox","Delaware",1930,52,0,238380,0,0
"186","Smallpox","Delaware",1931,51,0,240462,0,0
"187","Smallpox","Delaware",1932,52,0,242750,0,0
"188","Smallpox","Delaware",1933,52,0,245227,0,0
"189","Smallpox","Delaware",1934,52,0,247879,0,0
"190","Smallpox","Delaware",1935,52,1,250689,0.398900629864095,0.398900629864095
"191","Smallpox","Delaware",1936,50,0,253641,0,0
"192","Smallpox","Delaware",1937,52,0,256717,0,0
"193","Smallpox","Delaware",1938,52,0,259900,0,0
"194","Smallpox","Delaware",1939,52,0,263169,0,0
"195","Smallpox","Delaware",1940,51,0,266505,0,0
"196","Smallpox","Delaware",1941,51,0,269904,0,0
"197","Smallpox","Delaware",1942,52,0,273432,0,0
"198","Smallpox","Delaware",1943,52,0,277176,0,0
"199","Smallpox","Delaware",1944,51,0,281229,0,0
"200","Smallpox","Delaware",1945,52,0,285687,0,0
"201","Smallpox","Delaware",1946,52,0,290658,0,0
"202","Smallpox","Delaware",1947,49,0,296252,0,0
"203","Smallpox","Delaware",1948,24,0,302595,0,0
"204","Smallpox","Delaware",1949,0,0,309821,0,0
"205","Smallpox","Delaware",1950,0,0,318085,0,0
"206","Smallpox","Delaware",1951,0,0,327511,0,0
"207","Smallpox","Delaware",1952,0,0,338054,0,0
"208","Smallpox","Delaware",1953,0,0,349613,0,0
"209","Smallpox","District Of Columbia",1928,40,10,472771,2.74974564852751,2.11518896040578
"210","Smallpox","District Of Columbia",1929,52,0,478871,0,0
"211","Smallpox","District Of Columbia",1930,52,0,486869,0,0
"212","Smallpox","District Of Columbia",1931,52,0,497179,0,0
"213","Smallpox","District Of Columbia",1932,52,1,509735,0.196180368230551,0.196180368230551
"214","Smallpox","District Of Columbia",1933,52,2,524346,0.381427530676309,0.381427530676309
"215","Smallpox","District Of Columbia",1934,52,0,540809,0,0
"216","Smallpox","District Of Columbia",1935,52,0,558898,0,0
"217","Smallpox","District Of Columbia",1936,50,4,578354,0.719282653876346,0.691617936419563
"218","Smallpox","District Of Columbia",1937,52,0,598878,0,0
"219","Smallpox","District Of Columbia",1938,52,0,620120,0,0
"220","Smallpox","District Of Columbia",1939,52,0,641679,0,0
"221","Smallpox","District Of Columbia",1940,51,0,663091,0,0
"222","Smallpox","District Of Columbia",1941,51,0,683894,0,0
"223","Smallpox","District Of Columbia",1942,52,0,703811,0,0
"224","Smallpox","District Of Columbia",1943,52,0,722606,0,0
"225","Smallpox","District Of Columbia",1944,51,0,740035,0,0
"226","Smallpox","District Of Columbia",1945,52,0,755848,0,0
"227","Smallpox","District Of Columbia",1946,52,0,769797,0,0
"228","Smallpox","District Of Columbia",1947,49,0,781634,0,0
"229","Smallpox","District Of Columbia",1948,24,0,791123,0,0
"230","Smallpox","District Of Columbia",1949,0,0,798039,0,0
"231","Smallpox","District Of Columbia",1950,0,0,802178,0,0
"232","Smallpox","District Of Columbia",1951,0,0,803467,0,0
"233","Smallpox","District Of Columbia",1952,0,0,802281,0,0
"234","Smallpox","District Of Columbia",1953,0,0,799122,0,0
"235","Smallpox","Florida",1928,50,157,1358128,12.0224308754403,11.5600296879234
"236","Smallpox","Florida",1929,51,36,1414280,2.59537590526213,2.54546483016093
"237","Smallpox","Florida",1930,52,28,1468211,1.90708283754855,1.90708283754855
"238","Smallpox","Florida",1931,52,28,1518617,1.84378286296018,1.84378286296018
"239","Smallpox","Florida",1932,52,33,1565536,2.1079042577111,2.1079042577111
"240","Smallpox","Florida",1933,52,1,1609464,0.0621324863432795,0.0621324863432795
"241","Smallpox","Florida",1934,52,3,1651015,0.181706404847927,0.181706404847927
"242","Smallpox","Florida",1935,52,14,1690912,0.82795556480763,0.82795556480763
"243","Smallpox","Florida",1936,50,0,1729972,0,0
"244","Smallpox","Florida",1937,52,7,1769107,0.395679854299373,0.395679854299373
"245","Smallpox","Florida",1938,52,19,1809314,1.05012175885446,1.05012175885446
"246","Smallpox","Florida",1939,52,9,1851685,0.486043792545708,0.486043792545708
"247","Smallpox","Florida",1940,51,9,1897414,0.483630382627897,0.474329798346592
"248","Smallpox","Florida",1941,51,2,1947696,0.104698869139461,0.102685429348317
"249","Smallpox","Florida",1942,52,1,2003380,0.0499156425640667,0.0499156425640667
"250","Smallpox","Florida",1943,52,2,2065295,0.0968384661755343,0.0968384661755343
"251","Smallpox","Florida",1944,51,1,2134374,0.0477708144466366,0.0468521449380474
"252","Smallpox","Florida",1945,52,0,2211678,0,0
"253","Smallpox","Florida",1946,52,2,2298419,0.0870163360118412,0.0870163360118412
"254","Smallpox","Florida",1947,49,0,2395995,0,0
"255","Smallpox","Florida",1948,24,0,2506024,0,0
"256","Smallpox","Florida",1949,0,0,2630391,0,0
"257","Smallpox","Florida",1950,0,0,2771305,0,0
"258","Smallpox","Florida",1951,0,0,2930798,0,0
"259","Smallpox","Florida",1952,0,0,3108815,0,0
"260","Smallpox","Florida",1953,0,0,3304427,0,0
"261","Smallpox","Georgia",1928,49,15,2901933,0.54854358618682,0.516896840829888
"262","Smallpox","Georgia",1929,51,55,2903538,1.93138272592089,1.89424075042242
"263","Smallpox","Georgia",1930,52,0,2908506,0,0
"264","Smallpox","Georgia",1931,52,47,2917574,1.61092743491682,1.61092743491682
"265","Smallpox","Georgia",1932,52,15,2930546,0.511850010202877,0.511850010202877
"266","Smallpox","Georgia",1933,52,46,2947001,1.56090886972892,1.56090886972892
"267","Smallpox","Georgia",1934,52,12,2966519,0.404514516846176,0.404514516846176
"268","Smallpox","Georgia",1935,52,29,2988679,0.970328362463818,0.970328362463818
"269","Smallpox","Georgia",1936,50,16,3013053,0.552263767016378,0.531022852900364
"270","Smallpox","Georgia",1937,52,7,3039203,0.230323542060205,0.230323542060205
"271","Smallpox","Georgia",1938,52,24,3066678,0.782605803413335,0.782605803413335
"272","Smallpox","Georgia",1939,52,37,3095013,1.19547155375438,1.19547155375438
"273","Smallpox","Georgia",1940,51,16,3123723,0.522252629000589,0.512209309212116
"274","Smallpox","Georgia",1941,51,11,3152430,0.355779074381027,0.348937169104469
"275","Smallpox","Georgia",1942,52,8,3181234,0.251474742191238,0.251474742191238
"276","Smallpox","Georgia",1943,52,10,3210365,0.311491060985277,0.311491060985277
"277","Smallpox","Georgia",1944,51,13,3240060,0.409094336548839,0.401227137769054
"278","Smallpox","Georgia",1945,52,12,3270567,0.366908857088083,0.366908857088083
"279","Smallpox","Georgia",1946,52,5,3302139,0.151417005765051,0.151417005765051
"280","Smallpox","Georgia",1947,49,3,3335044,0.0954612133869225,0.0899538356915231
"281","Smallpox","Georgia",1948,24,2,3369557,0.128602464161708,0.05935498345925
"282","Smallpox","Georgia",1949,0,0,3405968,0,0
"283","Smallpox","Georgia",1950,0,0,3444578,0,0
"284","Smallpox","Georgia",1951,0,0,3485627,0,0
"285","Smallpox","Georgia",1952,0,0,3529052,0,0
"286","Smallpox","Georgia",1953,0,0,3574711,0,0
"287","Smallpox","Hawaii",1928,0,0,NA,NA,NA
"288","Smallpox","Hawaii",1929,0,0,NA,NA,NA
"289","Smallpox","Hawaii",1930,0,0,NA,NA,NA
"290","Smallpox","Hawaii",1931,0,0,NA,NA,NA
"291","Smallpox","Hawaii",1932,0,0,NA,NA,NA
"292","Smallpox","Hawaii",1933,0,0,NA,NA,NA
"293","Smallpox","Hawaii",1934,0,0,NA,NA,NA
"294","Smallpox","Hawaii",1935,0,0,NA,NA,NA
"295","Smallpox","Hawaii",1936,0,0,NA,NA,NA
"296","Smallpox","Hawaii",1937,0,0,NA,NA,NA
"297","Smallpox","Hawaii",1938,0,0,NA,NA,NA
"298","Smallpox","Hawaii",1939,0,0,NA,NA,NA
"299","Smallpox","Hawaii",1940,0,0,NA,NA,NA
"300","Smallpox","Hawaii",1941,0,0,NA,NA,NA
"301","Smallpox","Hawaii",1942,0,0,NA,NA,NA
"302","Smallpox","Hawaii",1943,0,0,NA,NA,NA
"303","Smallpox","Hawaii",1944,0,0,NA,NA,NA
"304","Smallpox","Hawaii",1945,0,0,NA,NA,NA
"305","Smallpox","Hawaii",1946,0,0,NA,NA,NA
"306","Smallpox","Hawaii",1947,0,0,NA,NA,NA
"307","Smallpox","Hawaii",1948,0,0,NA,NA,NA
"308","Smallpox","Hawaii",1949,0,0,NA,NA,NA
"309","Smallpox","Hawaii",1950,0,0,NA,NA,NA
"310","Smallpox","Hawaii",1951,0,0,NA,NA,NA
"311","Smallpox","Hawaii",1952,0,0,NA,NA,NA
"312","Smallpox","Hawaii",1953,0,0,NA,NA,NA
"313","Smallpox","Idaho",1928,50,363,439810,85.8370660057752,82.5356403901685
"314","Smallpox","Idaho",1929,52,555,441831,125.613639604283,125.613639604283
"315","Smallpox","Idaho",1930,52,203,445032,45.6146973700768,45.6146973700768
"316","Smallpox","Idaho",1931,52,80,449638,17.7920905261566,17.7920905261566
"317","Smallpox","Idaho",1932,52,85,455546,18.6589279677574,18.6589279677574
"318","Smallpox","Idaho",1933,52,196,462565,42.3724233350989,42.3724233350989
"319","Smallpox","Idaho",1934,52,103,470502,21.8915116195043,21.8915116195043
"320","Smallpox","Idaho",1935,52,12,479153,2.50441925647966,2.50441925647966
"321","Smallpox","Idaho",1936,51,98,488300,20.4631514698855,20.0696293262339
"322","Smallpox","Idaho",1937,52,353,497708,70.9251207535342,70.9251207535342
"323","Smallpox","Idaho",1938,52,561,507125,110.623613507518,110.623613507518
"324","Smallpox","Idaho",1939,52,277,516277,53.6533682499898,53.6533682499898
"325","Smallpox","Idaho",1940,51,44,524873,8.54735242583239,8.38298026379715
"326","Smallpox","Idaho",1941,51,10,532679,1.91411308337151,1.8773032163836
"327","Smallpox","Idaho",1942,52,9,539750,1.66743862899491,1.66743862899491
"328","Smallpox","Idaho",1943,52,10,546228,1.83073734777419,1.83073734777419
"329","Smallpox","Idaho",1944,51,9,552263,1.6616124180391,1.62965833307681
"330","Smallpox","Idaho",1945,52,13,558013,2.32969482789827,2.32969482789827
"331","Smallpox","Idaho",1946,52,15,563648,2.66123538094697,2.66123538094697
"332","Smallpox","Idaho",1947,49,5,569342,0.931974533580799,0.87820677202806
"333","Smallpox","Idaho",1948,26,11,575277,3.8242446682207,1.91212233411035
"334","Smallpox","Idaho",1949,2,3,581642,13.4103108097421,0.51578118499008
"335","Smallpox","Idaho",1950,0,0,588637,0,0
"336","Smallpox","Idaho",1951,1,1,596401,8.71896593064063,0.167672421743089
"337","Smallpox","Idaho",1952,1,2,604802,17.1957103316457,0.330686737147033
"338","Smallpox","Idaho",1953,0,0,613632,0,0
"339","Smallpox","Illinois",1928,51,1782,7452677,24.3797118333531,23.9108712211733
"340","Smallpox","Illinois",1929,52,4177,7549407,55.3288490076108,55.3288490076108
"341","Smallpox","Illinois",1930,52,3891,7630654,50.9916974351084,50.9916974351084
"342","Smallpox","Illinois",1931,52,1787,7694112,23.2255522144726,23.2255522144726
"343","Smallpox","Illinois",1932,52,340,7741450,4.39194207803448,4.39194207803448
"344","Smallpox","Illinois",1933,52,272,7775489,3.49817226929393,3.49817226929393
"345","Smallpox","Illinois",1934,52,107,7799181,1.37193892538204,1.37193892538204
"346","Smallpox","Illinois",1935,52,98,7815568,1.25390758547555,1.25390758547555
"347","Smallpox","Illinois",1936,50,428,7827746,5.6864389825628,5.46772979092577
"348","Smallpox","Illinois",1937,52,950,7838842,12.119136984774,12.119136984774
"349","Smallpox","Illinois",1938,52,983,7852004,12.5190970356103,12.5190970356103
"350","Smallpox","Illinois",1939,52,487,7870402,6.1877398384479,6.1877398384479
"351","Smallpox","Illinois",1940,51,234,7897241,3.02115935545234,2.96306013707825
"352","Smallpox","Illinois",1941,51,122,7935138,1.56761176507258,1.53746538497503
"353","Smallpox","Illinois",1942,52,71,7984156,0.889261181770497,0.889261181770497
"354","Smallpox","Illinois",1943,52,69,8043736,0.85781035081211,0.85781035081211
"355","Smallpox","Illinois",1944,51,22,8113342,0.276475126390822,0.271158297037152
"356","Smallpox","Illinois",1945,52,16,8192452,0.195301724074795,0.195301724074795
"357","Smallpox","Illinois",1946,52,11,8280545,0.132841497751658,0.132841497751658
"358","Smallpox","Illinois",1947,49,2,8377103,0.025336312321716,0.0238746019954631
"359","Smallpox","Illinois",1948,24,2,8481594,0.0510910252640404,0.0235804731987879
"360","Smallpox","Illinois",1949,0,0,8593475,0,0
"361","Smallpox","Illinois",1950,0,0,8712176,0,0
"362","Smallpox","Illinois",1951,0,0,8837066,0,0
"363","Smallpox","Illinois",1952,0,0,8967327,0,0
"364","Smallpox","Illinois",1953,0,0,9102054,0,0
"365","Smallpox","Indiana",1928,51,3434,3186733,109.872189898976,107.759263170149
"366","Smallpox","Indiana",1929,52,3458,3214048,107.590179113691,107.590179113691
"367","Smallpox","Indiana",1930,52,5239,3238503,161.772275647112,161.772275647112
"368","Smallpox","Indiana",1931,52,2962,3259742,90.8660869479855,90.8660869479855
"369","Smallpox","Indiana",1932,52,383,3278298,11.6828915492124,11.6828915492124
"370","Smallpox","Indiana",1933,52,88,3294954,2.67075048695672,2.67075048695672
"371","Smallpox","Indiana",1934,52,73,3310510,2.20509830811567,2.20509830811567
"372","Smallpox","Indiana",1935,52,70,3325785,2.10476624315763,2.10476624315763
"373","Smallpox","Indiana",1936,50,103,3341613,3.20563751697159,3.08234376631884
"374","Smallpox","Indiana",1937,52,662,3358847,19.7091442390797,19.7091442390797
"375","Smallpox","Indiana",1938,52,1476,3378355,43.6899023341241,43.6899023341241
"376","Smallpox","Indiana",1939,52,1500,3401030,44.1042860545188,44.1042860545188
"377","Smallpox","Indiana",1940,51,485,3427796,14.4264653999704,14.1490333730479
"378","Smallpox","Indiana",1941,51,52,3459410,1.53261995089155,1.50314649029748
"379","Smallpox","Indiana",1942,52,64,3495849,1.83074268940106,1.83074268940106
"380","Smallpox","Indiana",1943,52,138,3536893,3.90172956886171,3.90172956886171
"381","Smallpox","Indiana",1944,51,66,3582324,1.87850450286068,1.84237941626721
"382","Smallpox","Indiana",1945,52,53,3631924,1.45928163695055,1.45928163695055
"383","Smallpox","Indiana",1946,52,45,3685467,1.22101215395498,1.22101215395498
"384","Smallpox","Indiana",1947,49,18,3742722,0.510378297301443,0.480933395534053
"385","Smallpox","Indiana",1948,24,16,3803443,0.911454875665724,0.420671481076488
"386","Smallpox","Indiana",1949,0,0,3867370,0,0
"387","Smallpox","Indiana",1950,0,0,3934224,0,0
"388","Smallpox","Indiana",1951,0,0,4003687,0,0
"389","Smallpox","Indiana",1952,0,0,4075338,0,0
"390","Smallpox","Indiana",1953,0,0,4148704,0,0
"391","Smallpox","Iowa",1928,46,1651,2464204,75.7383652525098,66.9993231079894
"392","Smallpox","Iowa",1929,52,1885,2467316,76.3988074490661,76.3988074490661
"393","Smallpox","Iowa",1930,52,3044,2470939,123.192033473914,123.192033473914
"394","Smallpox","Iowa",1931,52,2331,2475431,94.1654200824018,94.1654200824018
"395","Smallpox","Iowa",1932,52,1163,2480764,46.8807190043067,46.8807190043067
"396","Smallpox","Iowa",1933,52,748,2486809,30.078707291151,30.078707291151
"397","Smallpox","Iowa",1934,52,166,2493441,6.65746652918597,6.65746652918597
"398","Smallpox","Iowa",1935,52,206,2500531,8.23825019565844,8.23825019565844
"399","Smallpox","Iowa",1936,50,723,2507949,29.9814709150784,28.8283374183446
"400","Smallpox","Iowa",1937,52,1311,2515565,52.1155287182005,52.1155287182005
"401","Smallpox","Iowa",1938,52,1282,2523247,50.8075507471127,50.8075507471127
"402","Smallpox","Iowa",1939,52,1143,2530859,45.1625317728092,45.1625317728092
"403","Smallpox","Iowa",1940,51,555,2538268,22.2940348671289,21.8653034273765
"404","Smallpox","Iowa",1941,51,122,2545385,4.88696825284761,4.792988094139
"405","Smallpox","Iowa",1942,52,32,2552320,1.25376128385155,1.25376128385155
"406","Smallpox","Iowa",1943,52,29,2559236,1.13315067465447,1.13315067465447
"407","Smallpox","Iowa",1944,51,27,2566296,1.07272940318287,1.0520999915832
"408","Smallpox","Iowa",1945,52,11,2573664,0.427406219304462,0.427406219304462
"409","Smallpox","Iowa",1946,52,15,2581508,0.581055724018674,0.581055724018674
"410","Smallpox","Iowa",1947,49,5,2589998,0.204869750825274,0.193050342123816
"411","Smallpox","Iowa",1948,24,2,2599304,0.166711293997675,0.0769436741527732
"412","Smallpox","Iowa",1949,0,0,2609603,0,0
"413","Smallpox","Iowa",1950,1,2,2621073,3.96784065151944,0.0763046279138353
"414","Smallpox","Iowa",1951,0,0,2633815,0,0
"415","Smallpox","Iowa",1952,1,1,2647609,1.96403623042526,0.0377699275081781
"416","Smallpox","Iowa",1953,0,0,2662146,0,0
"417","Smallpox","Kansas",1928,51,2474,1870614,134.849295681609,132.256039995424
"418","Smallpox","Kansas",1929,52,1919,1877675,102.200860106248,102.200860106248
"419","Smallpox","Kansas",1930,52,2309,1880999,122.753919592727,122.753919592727
"420","Smallpox","Kansas",1931,52,2580,1880090,137.227473152881,137.227473152881
"421","Smallpox","Kansas",1932,52,168,1875485,8.9576829460113,8.9576829460113
"422","Smallpox","Kansas",1933,52,50,1867988,2.67667672383334,2.67667672383334
"423","Smallpox","Kansas",1934,52,113,1858410,6.08046663545719,6.08046663545719
"424","Smallpox","Kansas",1935,52,570,1847551,30.8516517270701,30.8516517270701
"425","Smallpox","Kansas",1936,50,757,1836201,42.875480407646,41.2264234688904
"426","Smallpox","Kansas",1937,52,603,1825129,33.0387605478846,33.0387605478846
"427","Smallpox","Kansas",1938,52,528,1815086,29.0895307439978,29.0895307439978
"428","Smallpox","Kansas",1939,52,262,1806811,14.5006865687667,14.5006865687667
"429","Smallpox","Kansas",1940,51,78,1801028,4.41577875328456,4.33085993110601
"430","Smallpox","Kansas",1941,51,34,1798323,1.92772192018156,1.89065034479345
"431","Smallpox","Kansas",1942,51,24,1798726,1.36044001339249,1.33427770544263
"432","Smallpox","Kansas",1943,52,31,1802144,1.72017330468597,1.72017330468597
"433","Smallpox","Kansas",1944,51,21,1808496,1.18395421974294,1.16118586936327
"434","Smallpox","Kansas",1945,52,15,1817717,0.825210965183249,0.825210965183249
"435","Smallpox","Kansas",1946,52,12,1829751,0.655826940386971,0.655826940386971
"436","Smallpox","Kansas",1947,49,11,1844556,0.632860666076557,0.59634947380291
"437","Smallpox","Kansas",1948,24,8,1862098,0.930849683170989,0.429622930694303
"438","Smallpox","Kansas",1949,8,8,1882351,2.76250284883106,0.425000438281702
"439","Smallpox","Kansas",1950,4,7,1905299,4.77615324418897,0.367396403399152
"440","Smallpox","Kansas",1951,0,0,1930840,0,0
"441","Smallpox","Kansas",1952,1,1,1958508,2.65508233818805,0.0510592757343856
"442","Smallpox","Kansas",1953,0,0,1987719,0,0
"443","Smallpox","Kentucky",1928,51,737,2568579,29.2555136669792,28.6929076349219
"444","Smallpox","Kentucky",1929,51,577,2591170,22.704559156296,22.267933018675
"445","Smallpox","Kentucky",1930,52,549,2614589,20.9975640530883,20.9975640530883
"446","Smallpox","Kentucky",1931,52,340,2638800,12.8846445353949,12.8846445353949
"447","Smallpox","Kentucky",1932,52,171,2663574,6.41994553183054,6.41994553183054
"448","Smallpox","Kentucky",1933,52,20,2688626,0.743874380445625,0.743874380445625
"449","Smallpox","Kentucky",1934,52,29,2713661,1.06866701478188,1.06866701478188
"450","Smallpox","Kentucky",1935,52,7,2738373,0.25562624229789,0.25562624229789
"451","Smallpox","Kentucky",1936,51,13,2762444,0.47982518236693,0.47059777501372
"452","Smallpox","Kentucky",1937,49,75,2785545,2.85731649406827,2.69247131171817
"453","Smallpox","Kentucky",1938,52,473,2807341,16.8486835051388,16.8486835051388
"454","Smallpox","Kentucky",1939,52,192,2827485,6.79048695218542,6.79048695218542
"455","Smallpox","Kentucky",1940,51,36,2845627,1.28990490858223,1.26509904495565
"456","Smallpox","Kentucky",1941,51,21,2861513,0.748267252529776,0.733877497673434
"457","Smallpox","Kentucky",1942,52,26,2875307,0.904251267777667,0.904251267777667
"458","Smallpox","Kentucky",1943,52,17,2887282,0.588789041042752,0.588789041042752
"459","Smallpox","Kentucky",1944,51,16,2897723,0.56298429802283,0.552157676907006
"460","Smallpox","Kentucky",1945,52,7,2906921,0.240804617669348,0.240804617669348
"461","Smallpox","Kentucky",1946,52,3,2915173,0.102909844458631,0.102909844458631
"462","Smallpox","Kentucky",1947,49,5,2922781,0.181543620578469,0.171069950160481
"463","Smallpox","Kentucky",1948,25,44,2930049,3.12349725209374,1.50168137119891
"464","Smallpox","Kentucky",1949,6,6,2937287,1.77034113452312,0.204270130906513
"465","Smallpox","Kentucky",1950,3,5,2944806,2.94303484394784,0.169790471766222
"466","Smallpox","Kentucky",1951,1,1,2952855,1.76100756725271,0.0338655301394752
"467","Smallpox","Kentucky",1952,0,0,2961417,0,0
"468","Smallpox","Kentucky",1953,0,0,2970408,0,0
"469","Smallpox","Louisiana",1928,51,646,2035349,32.3613624330111,31.7390285400686
"470","Smallpox","Louisiana",1929,52,182,2068979,8.79660934209579,8.79660934209579
"471","Smallpox","Louisiana",1930,52,258,2101593,12.2764017580949,12.2764017580949
"472","Smallpox","Louisiana",1931,52,634,2132657,29.7281747604045,29.7281747604045
"473","Smallpox","Louisiana",1932,52,151,2162174,6.98371176417809,6.98371176417809
"474","Smallpox","Louisiana",1933,52,75,2190297,3.42419315736633,3.42419315736633
"475","Smallpox","Louisiana",1934,52,63,2217195,2.84142802053947,2.84142802053947
"476","Smallpox","Louisiana",1935,52,32,2243050,1.42662892044315,1.42662892044315
"477","Smallpox","Louisiana",1936,51,27,2268057,1.21378835561478,1.19044627185296
"478","Smallpox","Louisiana",1937,52,19,2292421,0.828818092313759,0.828818092313759
"479","Smallpox","Louisiana",1938,52,21,2316360,0.906594829819199,0.906594829819199
"480","Smallpox","Louisiana",1939,52,19,2340100,0.811931114054955,0.811931114054955
"481","Smallpox","Louisiana",1940,51,11,2363880,0.474460897952087,0.465336649914547
"482","Smallpox","Louisiana",1941,51,9,2387964,0.384280105907597,0.376890103870913
"483","Smallpox","Louisiana",1942,52,19,2412698,0.78750013470397,0.78750013470397
"484","Smallpox","Louisiana",1943,52,8,2438462,0.328075647682843,0.328075647682843
"485","Smallpox","Louisiana",1944,51,13,2465650,0.537582461451719,0.527244337193032
"486","Smallpox","Louisiana",1945,52,11,2494676,0.440939023744967,0.440939023744967
"487","Smallpox","Louisiana",1946,52,5,2525975,0.1979433684023,0.1979433684023
"488","Smallpox","Louisiana",1947,49,2,2560004,0.0829080337215034,0.0781248779298782
"489","Smallpox","Louisiana",1948,24,6,2597251,0.500529213387539,0.231013483101941
"490","Smallpox","Louisiana",1949,1,1,2638235,1.9710147124877,0.037904129086302
"491","Smallpox","Louisiana",1950,0,0,2683516,0,0
"492","Smallpox","Louisiana",1951,0,0,2733470,0,0
"493","Smallpox","Louisiana",1952,0,0,2787570,0,0
"494","Smallpox","Louisiana",1953,0,0,2845012,0,0
"495","Smallpox","Maine",1928,50,95,790087,12.5049519863002,12.0239922945195
"496","Smallpox","Maine",1929,52,74,793645,9.32406806569688,9.32406806569688
"497","Smallpox","Maine",1930,52,0,797423,0,0
"498","Smallpox","Maine",1931,52,1,801432,0.124776649796864,0.124776649796864
"499","Smallpox","Maine",1932,52,1,805670,0.124120297392233,0.124120297392233
"500","Smallpox","Maine",1933,52,0,810133,0,0
"501","Smallpox","Maine",1934,52,0,814814,0,0
"502","Smallpox","Maine",1935,52,0,819710,0,0
"503","Smallpox","Maine",1936,50,0,824815,0,0
"504","Smallpox","Maine",1937,52,0,830125,0,0
"505","Smallpox","Maine",1938,52,0,835633,0,0
"506","Smallpox","Maine",1939,52,0,841335,0,0
"507","Smallpox","Maine",1940,51,0,847226,0,0
"508","Smallpox","Maine",1941,51,0,853299,0,0
"509","Smallpox","Maine",1942,52,0,859541,0,0
"510","Smallpox","Maine",1943,52,0,865938,0,0
"511","Smallpox","Maine",1944,51,0,872476,0,0
"512","Smallpox","Maine",1945,52,0,879139,0,0
"513","Smallpox","Maine",1946,52,0,885912,0,0
"514","Smallpox","Maine",1947,49,0,892779,0,0
"515","Smallpox","Maine",1948,24,0,899723,0,0
"516","Smallpox","Maine",1949,0,0,906727,0,0
"517","Smallpox","Maine",1950,0,0,913774,0,0
"518","Smallpox","Maine",1951,0,0,920833,0,0
"519","Smallpox","Maine",1952,0,0,927822,0,0
"520","Smallpox","Maine",1953,0,0,934647,0,0
"521","Smallpox","Maryland",1928,50,19,1598519,1.23614420598066,1.18860019805833
"522","Smallpox","Maryland",1929,52,8,1615468,0.495212532838781,0.495212532838781
"523","Smallpox","Maryland",1930,52,0,1631526,0,0
"524","Smallpox","Maryland",1931,52,1,1646632,0.0607300234660811,0.0607300234660811
"525","Smallpox","Maryland",1932,52,0,1661162,0,0
"526","Smallpox","Maryland",1933,52,0,1675618,0,0
"527","Smallpox","Maryland",1934,52,0,1690521,0,0
"528","Smallpox","Maryland",1935,52,1,1706409,0.058602597618742,0.058602597618742
"529","Smallpox","Maryland",1936,50,0,1723842,0,0
"530","Smallpox","Maryland",1937,52,0,1743406,0,0
"531","Smallpox","Maryland",1938,52,0,1765716,0,0
"532","Smallpox","Maryland",1939,52,0,1791427,0,0
"533","Smallpox","Maryland",1940,51,0,1821244,0,0
"534","Smallpox","Maryland",1941,51,0,1855760,0,0
"535","Smallpox","Maryland",1942,52,0,1894917,0,0
"536","Smallpox","Maryland",1943,52,1,1938485,0.0515866772247399,0.0515866772247399
"537","Smallpox","Maryland",1944,51,0,1986222,0,0
"538","Smallpox","Maryland",1945,52,0,2037865,0,0
"539","Smallpox","Maryland",1946,52,0,2093123,0,0
"540","Smallpox","Maryland",1947,49,0,2151667,0,0
"541","Smallpox","Maryland",1948,24,0,2213121,0,0
"542","Smallpox","Maryland",1949,0,0,2277061,0,0
"543","Smallpox","Maryland",1950,0,0,2343001,0,0
"544","Smallpox","Maryland",1951,0,0,2410508,0,0
"545","Smallpox","Maryland",1952,0,0,2479560,0,0
"546","Smallpox","Maryland",1953,0,0,2550252,0,0
"547","Smallpox","Massachusetts",1928,50,9,4199445,0.222886595728721,0.21431403435454
"548","Smallpox","Massachusetts",1929,52,63,4227526,1.49023329483958,1.49023329483958
"549","Smallpox","Massachusetts",1930,52,0,4249614,0,0
"550","Smallpox","Massachusetts",1931,52,6,4265262,0.140671311633377,0.140671311633377
"551","Smallpox","Massachusetts",1932,52,43,4275397,1.00575455331984,1.00575455331984
"552","Smallpox","Massachusetts",1933,52,0,4281316,0,0
"553","Smallpox","Massachusetts",1934,52,0,4284343,0,0
"554","Smallpox","Massachusetts",1935,52,0,4285809,0,0
"555","Smallpox","Massachusetts",1936,50,0,4287055,0,0
"556","Smallpox","Massachusetts",1937,52,0,4289419,0,0
"557","Smallpox","Massachusetts",1938,52,0,4294246,0,0
"558","Smallpox","Massachusetts",1939,52,0,4302889,0,0
"559","Smallpox","Massachusetts",1940,51,0,4316721,0,0
"560","Smallpox","Massachusetts",1941,51,0,4336784,0,0
"561","Smallpox","Massachusetts",1942,52,0,4362700,0,0
"562","Smallpox","Massachusetts",1943,52,0,4393741,0,0
"563","Smallpox","Massachusetts",1944,51,0,4429170,0,0
"564","Smallpox","Massachusetts",1945,51,0,4468244,0,0
"565","Smallpox","Massachusetts",1946,52,0,4510195,0,0
"566","Smallpox","Massachusetts",1947,49,0,4554235,0,0
"567","Smallpox","Massachusetts",1948,24,0,4599542,0,0
"568","Smallpox","Massachusetts",1949,0,0,4645264,0,0
"569","Smallpox","Massachusetts",1950,0,0,4690514,0,0
"570","Smallpox","Massachusetts",1951,0,0,4734601,0,0
"571","Smallpox","Massachusetts",1952,0,0,4777746,0,0
"572","Smallpox","Massachusetts",1953,0,0,4820413,0,0
"573","Smallpox","Michigan",1928,51,1285,4653951,28.1523393441696,27.6109482029355
"574","Smallpox","Michigan",1929,52,2421,4755115,50.9135951496441,50.9135951496441
"575","Smallpox","Michigan",1930,52,2348,4842325,48.4891038912093,48.4891038912093
"576","Smallpox","Michigan",1931,52,894,4913427,18.1950398367575,18.1950398367575
"577","Smallpox","Michigan",1932,52,223,4969966,4.48695222462286,4.48695222462286
"578","Smallpox","Michigan",1933,52,43,5014647,0.857488074434751,0.857488074434751
"579","Smallpox","Michigan",1934,52,52,5050395,1.02962243547287,1.02962243547287
"580","Smallpox","Michigan",1935,52,19,5080286,0.373994692424797,0.373994692424797
"581","Smallpox","Michigan",1936,50,32,5107503,0.651590415120657,0.626529245308324
"582","Smallpox","Michigan",1937,52,153,5135310,2.97937222874568,2.97937222874568
"583","Smallpox","Michigan",1938,52,256,5167042,4.95447879076655,4.95447879076655
"584","Smallpox","Michigan",1939,52,375,5206124,7.20305547850954,7.20305547850954
"585","Smallpox","Michigan",1940,51,142,5256106,2.75459272939873,2.7016197922949
"586","Smallpox","Michigan",1941,51,96,5319893,1.83993085840592,1.80454757266735
"587","Smallpox","Michigan",1942,52,28,5397246,0.518783097898447,0.518783097898447
"588","Smallpox","Michigan",1943,52,13,5487134,0.236917851833033,0.236917851833033
"589","Smallpox","Michigan",1944,51,13,5588520,0.237180898713511,0.232619727584405
"590","Smallpox","Michigan",1945,52,19,5700322,0.333314503987669,0.333314503987669
"591","Smallpox","Michigan",1946,52,8,5821393,0.137424152604024,0.137424152604024
"592","Smallpox","Michigan",1947,49,2,5950496,0.0356684380527579,0.0336106435497142
"593","Smallpox","Michigan",1948,24,1,6086276,0.0355992180878203,0.0164304083482248
"594","Smallpox","Michigan",1949,2,3,6227245,1.25256032161895,0.0481753969853442
"595","Smallpox","Michigan",1950,0,0,6371766,0,0
"596","Smallpox","Michigan",1951,0,0,6518280,0,0
"597","Smallpox","Michigan",1952,0,0,6666076,0,0
"598","Smallpox","Michigan",1953,0,0,6814633,0,0
"599","Smallpox","Minnesota",1928,51,111,2528820,4.47546565545335,4.38939900823309
"600","Smallpox","Minnesota",1929,52,188,2545654,7.38513560758846,7.38513560758846
"601","Smallpox","Minnesota",1930,52,295,2563953,11.5056711257968,11.5056711257968
"602","Smallpox","Minnesota",1931,52,246,2584102,9.51974805948062,9.51974805948062
"603","Smallpox","Minnesota",1932,52,93,2605892,3.56883554652303,3.56883554652303
"604","Smallpox","Minnesota",1933,52,55,2628955,2.09208601896951,2.09208601896951
"605","Smallpox","Minnesota",1934,52,313,2652910,11.7983648144867,11.7983648144867
"606","Smallpox","Minnesota",1935,52,224,2677365,8.36643490894966,8.36643490894966
"607","Smallpox","Minnesota",1936,50,295,2701909,11.3549346036451,10.9182063496587
"608","Smallpox","Minnesota",1937,52,533,2726120,19.5515971417252,19.5515971417252
"609","Smallpox","Minnesota",1938,52,761,2749560,27.6771556176261,27.6771556176261
"610","Smallpox","Minnesota",1939,52,554,2771775,19.9871923226092,19.9871923226092
"611","Smallpox","Minnesota",1940,51,321,2792300,11.7213092306364,11.4958994377395
"612","Smallpox","Minnesota",1941,51,123,2810838,4.46172154730662,4.37591920985841
"613","Smallpox","Minnesota",1942,52,31,2827799,1.09625896324314,1.09625896324314
"614","Smallpox","Minnesota",1943,52,3,2843787,0.105493132924512,0.105493132924512
"615","Smallpox","Minnesota",1944,51,0,2859423,0,0
"616","Smallpox","Minnesota",1945,52,2,2875341,0.0695569673301358,0.0695569673301358
"617","Smallpox","Minnesota",1946,52,2,2892190,0.0691517500579146,0.0691517500579146
"618","Smallpox","Minnesota",1947,49,1,2910633,0.0364602644784113,0.0343567876815799
"619","Smallpox","Minnesota",1948,24,0,2931354,0,0
"620","Smallpox","Minnesota",1949,0,0,2955059,0,0
"621","Smallpox","Minnesota",1950,0,0,2982483,0,0
"622","Smallpox","Minnesota",1951,0,0,3014182,0,0
"623","Smallpox","Minnesota",1952,0,0,3049877,0,0
"624","Smallpox","Minnesota",1953,0,0,3089068,0,0
"625","Smallpox","Mississippi",1928,50,132,1955120,7.02156389377634,6.75150374401571
"626","Smallpox","Mississippi",1929,52,32,1982792,1.61388587406042,1.61388587406042
"627","Smallpox","Mississippi",1930,52,187,2009821,9.30431117995085,9.30431117995085
"628","Smallpox","Mississippi",1931,52,992,2035551,48.7337335198185,48.7337335198185
"629","Smallpox","Mississippi",1932,52,525,2059750,25.4885301614274,25.4885301614274
"630","Smallpox","Mississippi",1933,52,45,2082292,2.16108019432433,2.16108019432433
"631","Smallpox","Mississippi",1934,52,26,2103057,1.236295545009,1.236295545009
"632","Smallpox","Mississippi",1935,52,15,2121923,0.706905952760774,0.706905952760774
"633","Smallpox","Mississippi",1936,51,7,2138773,0.333707920474066,0.327290460464949
"634","Smallpox","Mississippi",1937,52,31,2153492,1.43952241289961,1.43952241289961
"635","Smallpox","Mississippi",1938,51,111,2165971,5.22520710518448,5.1247223531617
"636","Smallpox","Mississippi",1939,52,39,2176105,1.7921929318668,1.7921929318668
"637","Smallpox","Mississippi",1940,51,17,2183796,0.793724932792868,0.77846099177762
"638","Smallpox","Mississippi",1941,51,20,2189023,0.931564303469863,0.913649605326212
"639","Smallpox","Mississippi",1942,52,19,2192050,0.866768549987455,0.866768549987455
"640","Smallpox","Mississippi",1943,52,16,2193220,0.729520978287632,0.729520978287632
"641","Smallpox","Mississippi",1944,51,16,2192882,0.743939960754664,0.729633423047843
"642","Smallpox","Mississippi",1945,52,26,2191387,1.18646318518819,1.18646318518819
"643","Smallpox","Mississippi",1946,52,13,2189089,0.593854338494232,0.593854338494232
"644","Smallpox","Mississippi",1947,49,5,2186342,0.242694072975755,0.228692491842539
"645","Smallpox","Mississippi",1948,28,13,2183497,1.10569683140655,0.595375216911221
"646","Smallpox","Mississippi",1949,4,6,2180905,3.57649691297879,0.275115147152214
"647","Smallpox","Mississippi",1950,1,1,2178914,2.38650997698854,0.0458944226343949
"648","Smallpox","Mississippi",1951,0,0,2177781,0,0
"649","Smallpox","Mississippi",1952,0,0,2177401,0,0
"650","Smallpox","Mississippi",1953,0,0,2177580,0,0
"651","Smallpox","Missouri",1928,51,1462,3584039,41.591809315319,40.791966828486
"652","Smallpox","Missouri",1929,52,1166,3607307,32.3232816059182,32.3232816059182
"653","Smallpox","Missouri",1930,52,1613,3629367,44.443011687713,44.443011687713
"654","Smallpox","Missouri",1931,52,1106,3649874,30.3024159190153,30.3024159190153
"655","Smallpox","Missouri",1932,52,236,3668870,6.43249828966412,6.43249828966412
"656","Smallpox","Missouri",1933,52,121,3686500,3.28224603282246,3.28224603282246
"657","Smallpox","Missouri",1934,52,186,3702913,5.02307237572149,5.02307237572149
"658","Smallpox","Missouri",1935,52,90,3718262,2.42048570003943,2.42048570003943
"659","Smallpox","Missouri",1936,50,353,3732705,9.83522673235629,9.45694878111182
"660","Smallpox","Missouri",1937,52,1534,3746401,40.9459638730611,40.9459638730611
"661","Smallpox","Missouri",1938,52,1112,3759515,29.5782833689984,29.5782833689984
"662","Smallpox","Missouri",1939,52,629,3772213,16.6745621204317,16.6745621204317
"663","Smallpox","Missouri",1940,51,235,3784664,6.33102022100918,6.20926983214362
"664","Smallpox","Missouri",1941,51,129,3797059,3.46398124876927,3.39736622475447
"665","Smallpox","Missouri",1942,52,74,3809668,1.94242647915776,1.94242647915776
"666","Smallpox","Missouri",1943,52,14,3822787,0.366224955771797,0.366224955771797
"667","Smallpox","Missouri",1944,51,9,3836713,0.239175319817648,0.23457579443654
"668","Smallpox","Missouri",1945,52,11,3851750,0.285584474589472,0.285584474589472
"669","Smallpox","Missouri",1946,52,13,3868207,0.336073017809026,0.336073017809026
"670","Smallpox","Missouri",1947,49,12,3886398,0.327673436368355,0.308769199654796
"671","Smallpox","Missouri",1948,24,6,3906646,0.33276626548707,0.153584430224802
"672","Smallpox","Missouri",1949,4,8,3929284,2.64679264721003,0.203599434400771
"673","Smallpox","Missouri",1950,3,3,3954653,1.31490676931706,0.0758600059221378
"674","Smallpox","Missouri",1951,2,2,3982994,1.30555054815548,0.0502134826213647
"675","Smallpox","Missouri",1952,0,0,4014093,0,0
"676","Smallpox","Missouri",1953,0,0,4047615,0,0
"677","Smallpox","Montana",1928,50,846,544547,161.572830260749,155.358490635335
"678","Smallpox","Montana",1929,52,540,540539,99.9002847158114,99.9002847158114
"679","Smallpox","Montana",1930,52,353,537606,65.6614695520511,65.6614695520511
"680","Smallpox","Montana",1931,52,144,536147,26.8583056512486,26.8583056512486
"681","Smallpox","Montana",1932,52,136,536060,25.3702943700332,25.3702943700332
"682","Smallpox","Montana",1933,52,38,537130,7.07463742483198,7.07463742483198
"683","Smallpox","Montana",1934,52,21,539149,3.89502716317753,3.89502716317753
"684","Smallpox","Montana",1935,52,690,541910,127.327415991585,127.327415991585
"685","Smallpox","Montana",1936,51,744,545205,139.138165514645,136.46243156244
"686","Smallpox","Montana",1937,52,880,548826,160.342257837639,160.342257837639
"687","Smallpox","Montana",1938,52,455,552556,82.3445949369838,82.3445949369838
"688","Smallpox","Montana",1939,52,140,556175,25.1719332943768,25.1719332943768
"689","Smallpox","Montana",1940,51,29,559456,5.28524628406531,5.18360693244866
"690","Smallpox","Montana",1941,51,4,562236,0.7253949182459,0.711445015971941
"691","Smallpox","Montana",1942,52,3,564618,0.531332688649671,0.531332688649671
"692","Smallpox","Montana",1943,52,13,566777,2.29367105581207,2.29367105581207
"693","Smallpox","Montana",1944,51,13,568892,2.32995049337736,2.2851437531201
"694","Smallpox","Montana",1945,52,8,571143,1.40069999982491,1.40069999982491
"695","Smallpox","Montana",1946,52,4,573713,0.697212717857186,0.697212717857186
"696","Smallpox","Montana",1947,49,0,576790,0,0
"697","Smallpox","Montana",1948,26,9,580566,3.1004226909602,1.5502113454801
"698","Smallpox","Montana",1949,1,1,585241,8.88522847852423,0.170869778433158
"699","Smallpox","Montana",1950,0,0,591024,0,0
"700","Smallpox","Montana",1951,0,0,598055,0,0
"701","Smallpox","Montana",1952,1,1,606160,8.57859311072984,0.164972944437112
"702","Smallpox","Montana",1953,0,0,615076,0,0
"703","Smallpox","Nebraska",1928,51,1468,1371893,109.103575404604,107.005429723747
"704","Smallpox","Nebraska",1929,52,1802,1376153,130.944742336063,130.944742336063
"705","Smallpox","Nebraska",1930,52,1934,1377963,140.352099439535,140.352099439535
"706","Smallpox","Nebraska",1931,52,1221,1377074,88.666259039093,88.666259039093
"707","Smallpox","Nebraska",1932,52,302,1373798,21.982853374368,21.982853374368
"708","Smallpox","Nebraska",1933,52,135,1368589,9.8641739777245,9.8641739777245
"709","Smallpox","Nebraska",1934,52,226,1361907,16.5943783239237,16.5943783239237
"710","Smallpox","Nebraska",1935,52,1296,1354208,95.7016942744394,95.7016942744394
"711","Smallpox","Nebraska",1936,50,763,1345941,58.9565218683434,56.6889633349456
"712","Smallpox","Nebraska",1937,52,168,1337545,12.5603250731751,12.5603250731751
"713","Smallpox","Nebraska",1938,52,207,1329451,15.5703369285517,15.5703369285517
"714","Smallpox","Nebraska",1939,52,257,1322077,19.4391098249194,19.4391098249194
"715","Smallpox","Nebraska",1940,51,89,1315834,6.89639407700483,6.7637711139855
"716","Smallpox","Nebraska",1941,51,11,1311046,0.8554761827205,0.839024717668183
"717","Smallpox","Nebraska",1942,52,17,1307714,1.29997843565183,1.29997843565183
"718","Smallpox","Nebraska",1943,52,21,1305765,1.60825263351369,1.60825263351369
"719","Smallpox","Nebraska",1944,51,14,1305130,1.09372321561236,1.07269007685058
"720","Smallpox","Nebraska",1945,52,11,1305745,0.842430949381388,0.842430949381388
"721","Smallpox","Nebraska",1946,52,5,1307547,0.382395432057127,0.382395432057127
"722","Smallpox","Nebraska",1947,49,6,1310480,0.485878986232183,0.457847506257249
"723","Smallpox","Nebraska",1948,25,7,1314486,1.10765728961739,0.532527543085282
"724","Smallpox","Nebraska",1949,0,0,1319514,0,0
"725","Smallpox","Nebraska",1950,1,1,1325510,3.92301830993354,0.0754426598064141
"726","Smallpox","Nebraska",1951,2,3,1332408,5.85406271952735,0.22515625844336
"727","Smallpox","Nebraska",1952,1,1,1340082,3.88035956008662,0.074622299232435
"728","Smallpox","Nebraska",1953,0,0,1348386,0,0
"729","Smallpox","Nevada",1928,1,0,86853,0,0
"730","Smallpox","Nevada",1929,0,0,88983,0,0
"731","Smallpox","Nevada",1930,0,0,91058,0,0
"732","Smallpox","Nevada",1931,0,0,93000,0,0
"733","Smallpox","Nevada",1932,0,0,94821,0,0
"734","Smallpox","Nevada",1933,0,0,96558,0,0
"735","Smallpox","Nevada",1934,0,0,98252,0,0
"736","Smallpox","Nevada",1935,0,0,99948,0,0
"737","Smallpox","Nevada",1936,0,0,101694,0,0
"738","Smallpox","Nevada",1937,0,0,103539,0,0
"739","Smallpox","Nevada",1938,0,0,105539,0,0
"740","Smallpox","Nevada",1939,0,0,107754,0,0
"741","Smallpox","Nevada",1940,10,0,110247,0,0
"742","Smallpox","Nevada",1941,50,3,113081,2.75908419628408,2.65296557335008
"743","Smallpox","Nevada",1942,52,2,116290,1.71983833519649,1.71983833519649
"744","Smallpox","Nevada",1943,52,2,119904,1.66800106752068,1.66800106752068
"745","Smallpox","Nevada",1944,51,1,123956,0.822556264430326,0.806737874729743
"746","Smallpox","Nevada",1945,52,5,128486,3.89147455753934,3.89147455753934
"747","Smallpox","Nevada",1946,52,3,133538,2.24655154338091,2.24655154338091
"748","Smallpox","Nevada",1947,49,0,139161,0,0
"749","Smallpox","Nevada",1948,24,1,145415,1.48998842393609,0.68768696489358
"750","Smallpox","Nevada",1949,0,0,152364,0,0
"751","Smallpox","Nevada",1950,1,1,160083,32.4831493662662,0.624675949351274
"752","Smallpox","Nevada",1951,2,2,168646,30.8338175823915,1.18591606086121
"753","Smallpox","Nevada",1952,2,2,178084,29.1997035107028,1.12306551964242
"754","Smallpox","Nevada",1953,0,0,188416,0,0
"755","Smallpox","New Hampshire",1928,45,1,460404,0.250987297146757,0.217200545607771
"756","Smallpox","New Hampshire",1929,51,11,462850,2.42317949108994,2.37657988549206
"757","Smallpox","New Hampshire",1930,52,0,465293,0,0
"758","Smallpox","New Hampshire",1931,52,2,467718,0.427608088634605,0.427608088634605
"759","Smallpox","New Hampshire",1932,52,2,470138,0.425407008155052,0.425407008155052
"760","Smallpox","New Hampshire",1933,52,0,472569,0,0
"761","Smallpox","New Hampshire",1934,52,2,475031,0.421025154147835,0.421025154147835
"762","Smallpox","New Hampshire",1935,51,0,477542,0,0
"763","Smallpox","New Hampshire",1936,50,0,480121,0,0
"764","Smallpox","New Hampshire",1937,52,0,482789,0,0
"765","Smallpox","New Hampshire",1938,52,0,485564,0,0
"766","Smallpox","New Hampshire",1939,52,0,488469,0,0
"767","Smallpox","New Hampshire",1940,51,0,491524,0,0
"768","Smallpox","New Hampshire",1941,51,0,494749,0,0
"769","Smallpox","New Hampshire",1942,52,1,498155,0.200740733305899,0.200740733305899
"770","Smallpox","New Hampshire",1943,52,0,501752,0,0
"771","Smallpox","New Hampshire",1944,51,0,505552,0,0
"772","Smallpox","New Hampshire",1945,52,0,509565,0,0
"773","Smallpox","New Hampshire",1946,52,0,513802,0,0
"774","Smallpox","New Hampshire",1947,49,0,518275,0,0
"775","Smallpox","New Hampshire",1948,24,0,522998,0,0
"776","Smallpox","New Hampshire",1949,0,0,527982,0,0
"777","Smallpox","New Hampshire",1950,0,0,533242,0,0
"778","Smallpox","New Hampshire",1951,0,0,538794,0,0
"779","Smallpox","New Hampshire",1952,0,0,544664,0,0
"780","Smallpox","New Hampshire",1953,0,0,550881,0,0
"781","Smallpox","New Jersey",1928,50,91,3904376,2.42394687396911,2.33071814804722
"782","Smallpox","New Jersey",1929,52,1,3979885,0.0251263541534492,0.0251263541534492
"783","Smallpox","New Jersey",1930,52,1,4041334,0.0247443047271025,0.0247443047271025
"784","Smallpox","New Jersey",1931,52,10,4086302,0.244720042718331,0.244720042718331
"785","Smallpox","New Jersey",1932,52,0,4116274,0,0
"786","Smallpox","New Jersey",1933,52,1,4133922,0.0241901032481987,0.0241901032481987
"787","Smallpox","New Jersey",1934,52,0,4142106,0,0
"788","Smallpox","New Jersey",1935,52,0,4143786,0,0
"789","Smallpox","New Jersey",1936,50,0,4141971,0,0
"790","Smallpox","New Jersey",1937,52,0,4139680,0,0
"791","Smallpox","New Jersey",1938,52,0,4139930,0,0
"792","Smallpox","New Jersey",1939,52,0,4145741,0,0
"793","Smallpox","New Jersey",1940,51,0,4160165,0,0
"794","Smallpox","New Jersey",1941,51,0,4185678,0,0
"795","Smallpox","New Jersey",1942,52,0,4222214,0,0
"796","Smallpox","New Jersey",1943,52,2,4269107,0.0468482050227366,0.0468482050227366
"797","Smallpox","New Jersey",1944,51,2,4325732,0.0471415170027757,0.0462349493681069
"798","Smallpox","New Jersey",1945,52,0,4391485,0,0
"799","Smallpox","New Jersey",1946,52,2,4465764,0.0447851700179409,0.0447851700179409
"800","Smallpox","New Jersey",1947,49,1,4547954,0.0233341078163042,0.0219879092884405
"801","Smallpox","New Jersey",1948,24,1,4637411,0.0467214716717295,0.0215637561561828
"802","Smallpox","New Jersey",1949,0,0,4733450,0,0
"803","Smallpox","New Jersey",1950,0,0,4835329,0,0
"804","Smallpox","New Jersey",1951,0,0,4942332,0,0
"805","Smallpox","New Jersey",1952,0,0,5054058,0,0
"806","Smallpox","New Jersey",1953,0,0,5170160,0,0
"807","Smallpox","New Mexico",1928,50,77,407554,19.6489299577479,18.8932018824499
"808","Smallpox","New Mexico",1929,52,80,415137,19.2707467655256,19.2707467655256
"809","Smallpox","New Mexico",1930,52,175,423317,41.3401776918952,41.3401776918952
"810","Smallpox","New Mexico",1931,52,61,432152,14.1154038393898,14.1154038393898
"811","Smallpox","New Mexico",1932,52,22,441613,4.98173740356375,4.98173740356375
"812","Smallpox","New Mexico",1933,52,19,451645,4.20684387073919,4.20684387073919
"813","Smallpox","New Mexico",1934,52,15,462186,3.24544663836637,3.24544663836637
"814","Smallpox","New Mexico",1935,52,47,473171,9.93298405861729,9.93298405861729
"815","Smallpox","New Mexico",1936,51,5,484523,1.05217692775911,1.03194275607144
"816","Smallpox","New Mexico",1937,52,17,496160,3.42631409222831,3.42631409222831
"817","Smallpox","New Mexico",1938,52,53,507990,10.4332762455954,10.4332762455954
"818","Smallpox","New Mexico",1939,52,64,519913,12.3097518238628,12.3097518238628
"819","Smallpox","New Mexico",1940,51,22,531818,4.21786636575287,4.13675355102685
"820","Smallpox","New Mexico",1941,51,7,543636,1.31287385345356,1.28762627934868
"821","Smallpox","New Mexico",1942,52,4,555506,0.720064229729292,0.720064229729292
"822","Smallpox","New Mexico",1943,52,4,567631,0.704683148031027,0.704683148031027
"823","Smallpox","New Mexico",1944,51,3,580233,0.527171589587591,0.517033674403214
"824","Smallpox","New Mexico",1945,50,4,593555,0.700861756703254,0.67390553529159
"825","Smallpox","New Mexico",1946,52,1,607860,0.164511565163031,0.164511565163031
"826","Smallpox","New Mexico",1947,49,12,623438,2.04265602634922,1.92481048636753
"827","Smallpox","New Mexico",1948,25,8,640607,2.59753639907151,1.24881557647669
"828","Smallpox","New Mexico",1949,3,3,659724,7.88208402301569,0.454735616712443
"829","Smallpox","New Mexico",1950,1,1,681187,7.63373346819596,0.146802566696076
"830","Smallpox","New Mexico",1951,0,0,705302,0,0
"831","Smallpox","New Mexico",1952,1,1,731794,7.1058248632812,0.136650478140023
"832","Smallpox","New Mexico",1953,0,0,760183,0,0
"833","Smallpox","New York",1928,50,188,12184134,1.60470986284294,1.5429902527336
"834","Smallpox","New York",1929,52,289,12397906,2.33103880606935,2.33103880606935
"835","Smallpox","New York",1930,52,332,12588066,2.63741864715358,2.63741864715358
"836","Smallpox","New York",1931,52,422,12749102,3.31003705202139,3.31003705202139
"837","Smallpox","New York",1932,52,193,12882742,1.49812827113979,1.49812827113979
"838","Smallpox","New York",1933,52,3,12992852,0.0230896188150223,0.0230896188150223
"839","Smallpox","New York",1934,52,0,13083613,0,0
"840","Smallpox","New York",1935,52,2,13159437,0.0151982185864031,0.0151982185864031
"841","Smallpox","New York",1936,50,31,13224911,0.243782358913417,0.234406114339824
"842","Smallpox","New York",1937,52,56,13284755,0.421535813042845,0.421535813042845
"843","Smallpox","New York",1938,52,15,13343787,0.112411866286535,0.112411866286535
"844","Smallpox","New York",1939,52,46,13406915,0.343106523760313,0.343106523760313
"845","Smallpox","New York",1940,51,4,13479142,0.0302573514883145,0.0296754793443084
"846","Smallpox","New York",1941,51,0,13564576,0,0
"847","Smallpox","New York",1942,52,0,13663361,0,0
"848","Smallpox","New York",1943,52,0,13774649,0,0
"849","Smallpox","New York",1944,51,0,13897589,0,0
"850","Smallpox","New York",1945,52,0,14031321,0,0
"851","Smallpox","New York",1946,52,0,14174970,0,0
"852","Smallpox","New York",1947,49,10,14327635,0.0740683643738774,0.0697951895061537
"853","Smallpox","New York",1948,24,5,14488381,0.0747725597037608,0.0345104121709665
"854","Smallpox","New York",1949,0,0,14656239,0,0
"855","Smallpox","New York",1950,0,0,14830192,0,0
"856","Smallpox","New York",1951,0,0,15009302,0,0
"857","Smallpox","New York",1952,0,0,15193092,0,0
"858","Smallpox","New York",1953,0,0,15381188,0,0
"859","Smallpox","North Carolina",1928,49,2402,3051145,83.5444144571889,78.7245443923511
"860","Smallpox","North Carolina",1929,52,583,3112698,18.7297322130191,18.7297322130191
"861","Smallpox","North Carolina",1930,52,562,3170276,17.7271631870537,17.7271631870537
"862","Smallpox","North Carolina",1931,52,64,3222797,1.98585266152352,1.98585266152352
"863","Smallpox","North Carolina",1932,52,72,3270525,2.20148141353452,2.20148141353452
"864","Smallpox","North Carolina",1933,52,37,3314127,1.11643277400051,1.11643277400051
"865","Smallpox","North Carolina",1934,52,18,3354334,0.536619191768023,0.536619191768023
"866","Smallpox","North Carolina",1935,52,22,3391936,0.648597143342327,0.648597143342327
"867","Smallpox","North Carolina",1936,50,20,3427771,0.606808331128305,0.583469549161831
"868","Smallpox","North Carolina",1937,52,12,3462717,0.346548678393296,0.346548678393296
"869","Smallpox","North Carolina",1938,52,35,3497696,1.00065871933982,1.00065871933982
"870","Smallpox","North Carolina",1939,52,21,3533666,0.594283670273308,0.594283670273308
"871","Smallpox","North Carolina",1940,51,11,3571623,0.314022120322044,0.307983233392774
"872","Smallpox","North Carolina",1941,51,3,3612382,0.0846760815830597,0.0830476953987701
"873","Smallpox","North Carolina",1942,52,8,3655872,0.218826042049612,0.218826042049612
"874","Smallpox","North Carolina",1943,52,21,3701788,0.567293426852105,0.567293426852105
"875","Smallpox","North Carolina",1944,51,3,3749809,0.0815727822246884,0.0800040748742136
"876","Smallpox","North Carolina",1945,52,2,3799599,0.0526371335501457,0.0526371335501457
"877","Smallpox","North Carolina",1946,52,3,3850802,0.0779058492230969,0.0779058492230969
"878","Smallpox","North Carolina",1947,49,2,3903045,0.0543793110146523,0.0512420430714993
"879","Smallpox","North Carolina",1948,24,3,3955929,0.164310330139899,0.0758355369876456
"880","Smallpox","North Carolina",1949,2,2,4009038,1.29706927197996,0.049887279691537
"881","Smallpox","North Carolina",1950,0,0,4061929,0,0
"882","Smallpox","North Carolina",1951,0,0,4114220,0,0
"883","Smallpox","North Carolina",1952,0,0,4165838,0,0
"884","Smallpox","North Carolina",1953,0,0,4216791,0,0
"885","Smallpox","North Dakota",1928,50,83,677536,12.7402824351769,12.2502715722855
"886","Smallpox","North Dakota",1929,52,359,679814,52.8085623420524,52.8085623420524
"887","Smallpox","North Dakota",1930,52,728,680845,106.925952309263,106.925952309263
"888","Smallpox","North Dakota",1931,52,421,680435,61.8721847053723,61.8721847053723
"889","Smallpox","North Dakota",1932,52,243,678704,35.8035314363846,35.8035314363846
"890","Smallpox","North Dakota",1933,52,27,675859,3.99491609936392,3.99491609936392
"891","Smallpox","North Dakota",1934,52,28,672108,4.1659971314134,4.1659971314134
"892","Smallpox","North Dakota",1935,52,54,667657,8.08798529784006,8.08798529784006
"893","Smallpox","North Dakota",1936,50,311,662712,48.8055143108922,46.9283791450887
"894","Smallpox","North Dakota",1937,52,753,657475,114.529069546371,114.529069546371
"895","Smallpox","North Dakota",1938,52,502,652141,76.977218116941,76.977218116941
"896","Smallpox","North Dakota",1939,52,166,646900,25.6608440253517,25.6608440253517
"897","Smallpox","North Dakota",1940,51,104,641935,16.5186842415937,16.2010172369477
"898","Smallpox","North Dakota",1941,51,12,637398,1.91956895340855,1.88265416584301
"899","Smallpox","North Dakota",1942,52,5,633330,0.789477839357049,0.789477839357049
"900","Smallpox","North Dakota",1943,52,5,629747,0.793969641776777,0.793969641776777
"901","Smallpox","North Dakota",1944,51,10,626664,1.62704071581781,1.59575147128286
"902","Smallpox","North Dakota",1945,52,12,624096,1.92278111059837,1.92278111059837
"903","Smallpox","North Dakota",1946,52,3,622062,0.48226704090589,0.48226704090589
"904","Smallpox","North Dakota",1947,49,4,620579,0.684022172710271,0.644559355053909
"905","Smallpox","North Dakota",1948,26,5,619666,1.61377258071284,0.806886290356418
"906","Smallpox","North Dakota",1949,0,0,619344,0,0
"907","Smallpox","North Dakota",1950,1,1,619636,8.39202370423926,0.16138507123537
"908","Smallpox","North Dakota",1951,0,0,620536,0,0
"909","Smallpox","North Dakota",1952,0,0,621924,0,0
"910","Smallpox","North Dakota",1953,0,0,623651,0,0
"911","Smallpox","Ohio",1928,48,1115,6527488,18.5050767870683,17.0816093419092
"912","Smallpox","Ohio",1929,52,2968,6592629,45.0199760975477,45.0199760975477
"913","Smallpox","Ohio",1930,52,5181,6646697,77.9484908067872,77.9484908067872
"914","Smallpox","Ohio",1931,52,1796,6689002,26.8500442965931,26.8500442965931
"915","Smallpox","Ohio",1932,52,1018,6721219,15.1460620461854,15.1460620461854
"916","Smallpox","Ohio",1933,52,249,6745692,3.69124472329896,3.69124472329896
"917","Smallpox","Ohio",1934,52,39,6764836,0.576510650073409,0.576510650073409
"918","Smallpox","Ohio",1935,52,33,6781110,0.486645991585448,0.486645991585448
"919","Smallpox","Ohio",1936,50,39,6797005,0.596733414202285,0.573782129040658
"920","Smallpox","Ohio",1937,52,121,6815037,1.77548559164096,1.77548559164096
"921","Smallpox","Ohio",1938,52,370,6837749,5.41113749568754,5.41113749568754
"922","Smallpox","Ohio",1939,52,548,6867725,7.97935269685376,7.97935269685376
"923","Smallpox","Ohio",1940,51,189,6907612,2.78976124242272,2.73611198776075
"924","Smallpox","Ohio",1941,51,19,6959617,0.278356539154494,0.273003528786139
"925","Smallpox","Ohio",1942,52,33,7023902,0.469824322719765,0.469824322719765
"926","Smallpox","Ohio",1943,52,109,7100140,1.53518099643106,1.53518099643106
"927","Smallpox","Ohio",1944,51,31,7188043,0.439728075322517,0.431271766181699
"928","Smallpox","Ohio",1945,52,12,7287348,0.164668957760766,0.164668957760766
"929","Smallpox","Ohio",1946,52,19,7397811,0.256832730655055,0.256832730655055
"930","Smallpox","Ohio",1947,49,11,7519199,0.155248842167299,0.146292178196108
"931","Smallpox","Ohio",1948,24,8,7651286,0.226541438044968,0.104557586789985
"932","Smallpox","Ohio",1949,2,2,7793842,0.667193407307975,0.0256612848964606
"933","Smallpox","Ohio",1950,2,2,7946627,0.65436568244615,0.0251679108633135
"934","Smallpox","Ohio",1951,2,2,8109174,0.641249034735227,0.0246634244128933
"935","Smallpox","Ohio",1952,0,0,8280106,0,0
"936","Smallpox","Ohio",1953,0,0,8457700,0,0
"937","Smallpox","Oklahoma",1928,51,3917,2349112,170.013346386576,166.743858956065
"938","Smallpox","Oklahoma",1929,52,2059,2375598,86.6729135148287,86.6729135148287
"939","Smallpox","Oklahoma",1930,52,2630,2396040,109.764444667034,109.764444667034
"940","Smallpox","Oklahoma",1931,52,2032,2409764,84.3236101128575,84.3236101128575
"941","Smallpox","Oklahoma",1932,52,537,2417147,22.2162739791994,22.2162739791994
"942","Smallpox","Oklahoma",1933,52,165,2418878,6.82134444151379,6.82134444151379
"943","Smallpox","Oklahoma",1934,52,105,2415690,4.34658420575488,4.34658420575488
"944","Smallpox","Oklahoma",1935,52,46,2408345,1.91002534935817,1.91002534935817
"945","Smallpox","Oklahoma",1936,51,46,2397621,1.95618743680981,1.91856844764039
"946","Smallpox","Oklahoma",1937,52,119,2384300,4.99098267835423,4.99098267835423
"947","Smallpox","Oklahoma",1938,52,543,2369157,22.9195448001124,22.9195448001124
"948","Smallpox","Oklahoma",1939,52,831,2352954,35.317307520674,35.317307520674
"949","Smallpox","Oklahoma",1940,51,381,2336434,16.6266450597489,16.306901885523
"950","Smallpox","Oklahoma",1941,51,39,2320247,1.71381348116614,1.68085552960525
"951","Smallpox","Oklahoma",1942,52,26,2304725,1.12811723741444,1.12811723741444
"952","Smallpox","Oklahoma",1943,52,18,2290114,0.785987073132604,0.785987073132604
"953","Smallpox","Oklahoma",1944,51,11,2276658,0.492638168513224,0.483164357580278
"954","Smallpox","Oklahoma",1945,52,12,2264594,0.529896308124105,0.529896308124105
"955","Smallpox","Oklahoma",1946,52,17,2254157,0.754162198995012,0.754162198995012
"956","Smallpox","Oklahoma",1947,49,5,2245579,0.236291951829777,0.222659723839598
"957","Smallpox","Oklahoma",1948,26,12,2239094,1.07186210136779,0.535931050683893
"958","Smallpox","Oklahoma",1949,2,2,2234938,2.32668646736509,0.0894879410525035
"959","Smallpox","Oklahoma",1950,2,5,2233351,5.82084947686235,0.223878826033167
"960","Smallpox","Oklahoma",1951,0,0,2234493,0,0
"961","Smallpox","Oklahoma",1952,0,0,2238183,0,0
"962","Smallpox","Oklahoma",1953,0,0,2244157,0,0
"963","Smallpox","Oregon",1928,51,1911,920428,211.691798623607,207.62080249623
"964","Smallpox","Oregon",1929,52,1153,938059,122.913377516766,122.913377516766
"965","Smallpox","Oregon",1930,52,786,953786,82.4084228537638,82.4084228537638
"966","Smallpox","Oregon",1931,52,774,967123,80.0311852783979,80.0311852783979
"967","Smallpox","Oregon",1932,52,392,978494,40.0615639952825,40.0615639952825
"968","Smallpox","Oregon",1933,52,312,988594,31.5599730526384,31.5599730526384
"969","Smallpox","Oregon",1934,52,151,998156,15.1278958399288,15.1278958399288
"970","Smallpox","Oregon",1935,52,116,1007944,11.5085758732628,11.5085758732628
"971","Smallpox","Oregon",1936,51,337,1018755,33.7282117032314,33.0795922474
"972","Smallpox","Oregon",1937,52,608,1031420,58.9478582924512,58.9478582924512
"973","Smallpox","Oregon",1938,52,651,1046817,62.1885200565142,62.1885200565142
"974","Smallpox","Oregon",1939,52,332,1065893,31.1475917376322,31.1475917376322
"975","Smallpox","Oregon",1940,51,130,1089684,12.1639869547358,11.9300641286832
"976","Smallpox","Oregon",1941,51,62,1119047,5.6490644516727,5.54042859683284
"977","Smallpox","Oregon",1942,52,19,1153688,1.64689240071839,1.64689240071839
"978","Smallpox","Oregon",1943,52,17,1192977,1.42500651730922,1.42500651730922
"979","Smallpox","Oregon",1944,51,8,1236201,0.659833048597925,0.647143951509504
"980","Smallpox","Oregon",1945,52,8,1282541,0.623761735492277,0.623761735492277
"981","Smallpox","Oregon",1946,52,1,1331032,0.0751296738170081,0.0751296738170081
"982","Smallpox","Oregon",1947,49,0,1380550,0,0
"983","Smallpox","Oregon",1948,25,15,1429791,2.18213710954958,1.04910437959114
"984","Smallpox","Oregon",1949,0,0,1477272,0,0
"985","Smallpox","Oregon",1950,1,1,1521341,3.4180371133099,0.0657314829482673
"986","Smallpox","Oregon",1951,0,0,1560570,0,0
"987","Smallpox","Oregon",1952,0,0,1594959,0,0
"988","Smallpox","Oregon",1953,0,0,1624970,0,0
"989","Smallpox","Pennsylvania",1928,51,74,9495693,0.794581084204774,0.779300678739298
"990","Smallpox","Pennsylvania",1929,50,52,9568843,0.565167596542236,0.543430381290612
"991","Smallpox","Pennsylvania",1930,52,42,9631350,0.436075939510038,0.436075939510038
"992","Smallpox","Pennsylvania",1931,52,11,9682120,0.113611481782915,0.113611481782915
"993","Smallpox","Pennsylvania",1932,52,7,9722390,0.0719987575071562,0.0719987575071562
"994","Smallpox","Pennsylvania",1933,52,0,9754042,0,0
"995","Smallpox","Pennsylvania",1934,52,0,9779006,0,0
"996","Smallpox","Pennsylvania",1935,52,0,9799253,0,0
"997","Smallpox","Pennsylvania",1936,50,0,9816779,0,0
"998","Smallpox","Pennsylvania",1937,52,0,9833598,0,0
"999","Smallpox","Pennsylvania",1938,52,0,9851738,0,0
"1000","Smallpox","Pennsylvania",1939,52,1,9873244,0.0101283833358114,0.0101283833358114
"1001","Smallpox","Pennsylvania",1940,51,0,9900180,0,0
"1002","Smallpox","Pennsylvania",1941,51,0,9934204,0,0
"1003","Smallpox","Pennsylvania",1942,52,48,9975256,0.481190658164562,0.481190658164562
"1004","Smallpox","Pennsylvania",1943,52,33,10022848,0.329247734775585,0.329247734775585
"1005","Smallpox","Pennsylvania",1944,51,3,10076497,0.0303560208414865,0.0297722512099195
"1006","Smallpox","Pennsylvania",1945,52,0,10135718,0,0
"1007","Smallpox","Pennsylvania",1946,52,0,10200021,0,0
"1008","Smallpox","Pennsylvania",1947,48,0,10268913,0,0
"1009","Smallpox","Pennsylvania",1948,24,0,10341887,0,0
"1010","Smallpox","Pennsylvania",1949,0,0,10418430,0,0
"1011","Smallpox","Pennsylvania",1950,0,0,10498012,0,0
"1012","Smallpox","Pennsylvania",1951,0,0,10580077,0,0
"1013","Smallpox","Pennsylvania",1952,0,0,10664002,0,0
"1014","Smallpox","Pennsylvania",1953,0,0,10749134,0,0
"1015","Smallpox","Rhode Island",1928,50,0,673906,0,0
"1016","Smallpox","Rhode Island",1929,52,0,681294,0,0
"1017","Smallpox","Rhode Island",1930,52,0,687497,0,0
"1018","Smallpox","Rhode Island",1931,52,0,692313,0,0
"1019","Smallpox","Rhode Island",1932,52,0,695903,0,0
"1020","Smallpox","Rhode Island",1933,52,0,698530,0,0
"1021","Smallpox","Rhode Island",1934,52,0,700466,0,0
"1022","Smallpox","Rhode Island",1935,52,0,701988,0,0
"1023","Smallpox","Rhode Island",1936,50,0,703378,0,0
"1024","Smallpox","Rhode Island",1937,52,0,704921,0,0
"1025","Smallpox","Rhode Island",1938,52,0,706902,0,0
"1026","Smallpox","Rhode Island",1939,52,0,709611,0,0
"1027","Smallpox","Rhode Island",1940,51,0,713346,0,0
"1028","Smallpox","Rhode Island",1941,51,0,718330,0,0
"1029","Smallpox","Rhode Island",1942,52,0,724463,0,0
"1030","Smallpox","Rhode Island",1943,51,0,731565,0,0
"1031","Smallpox","Rhode Island",1944,51,0,739450,0,0
"1032","Smallpox","Rhode Island",1945,52,0,747928,0,0
"1033","Smallpox","Rhode Island",1946,52,0,756799,0,0
"1034","Smallpox","Rhode Island",1947,49,0,765855,0,0
"1035","Smallpox","Rhode Island",1948,24,0,774878,0,0
"1036","Smallpox","Rhode Island",1949,0,0,783638,0,0
"1037","Smallpox","Rhode Island",1950,0,0,791896,0,0
"1038","Smallpox","Rhode Island",1951,0,0,799471,0,0
"1039","Smallpox","Rhode Island",1952,0,0,806441,0,0
"1040","Smallpox","Rhode Island",1953,0,0,812953,0,0
"1041","Smallpox","South Carolina",1928,51,290,1725482,17.1364450344775,16.8068980145838
"1042","Smallpox","South Carolina",1929,52,109,1731262,6.29598524082432,6.29598524082432
"1043","Smallpox","South Carolina",1930,52,82,1738765,4.71599094759786,4.71599094759786
"1044","Smallpox","South Carolina",1931,52,65,1748374,3.71774002587547,3.71774002587547
"1045","Smallpox","South Carolina",1932,52,17,1760000,0.965909090909091,0.965909090909091
"1046","Smallpox","South Carolina",1933,52,22,1773435,1.24053038312653,1.24053038312653
"1047","Smallpox","South Carolina",1934,52,24,1788467,1.34193138592996,1.34193138592996
"1048","Smallpox","South Carolina",1935,52,7,1804885,0.38783634414381,0.38783634414381
"1049","Smallpox","South Carolina",1936,50,13,1822468,0.741851160075239,0.713318423149268
"1050","Smallpox","South Carolina",1937,52,2,1840992,0.108637082616329,0.108637082616329
"1051","Smallpox","South Carolina",1938,52,0,1860221,0,0
"1052","Smallpox","South Carolina",1939,52,4,1879910,0.212776143538786,0.212776143538786
"1053","Smallpox","South Carolina",1940,51,9,1899804,0.483021963751803,0.473733079833499
"1054","Smallpox","South Carolina",1941,51,9,1919702,0.478015368439231,0.468822765200015
"1055","Smallpox","South Carolina",1942,52,10,1939658,0.515554803991219,0.515554803991219
"1056","Smallpox","South Carolina",1943,52,8,1959791,0.408206793479509,0.408206793479509
"1057","Smallpox","South Carolina",1944,51,12,1980229,0.617872686322999,0.605990519278326
"1058","Smallpox","South Carolina",1945,52,3,2001103,0.14991732059769,0.14991732059769
"1059","Smallpox","South Carolina",1946,52,0,2022551,0,0
"1060","Smallpox","South Carolina",1947,49,2,2044714,0.103801753183665,0.0978131904999917
"1061","Smallpox","South Carolina",1948,24,2,2067743,0.209568274845246,0.0967238191593443
"1062","Smallpox","South Carolina",1949,0,0,2091793,0,0
"1063","Smallpox","South Carolina",1950,0,0,2117027,0,0
"1064","Smallpox","South Carolina",1951,0,0,2143533,0,0
"1065","Smallpox","South Carolina",1952,0,0,2171063,0,0
"1066","Smallpox","South Carolina",1953,0,0,2199271,0,0
"1067","Smallpox","South Dakota",1928,49,350,687649,54.0142676610555,50.8980599113792
"1068","Smallpox","South Dakota",1929,52,1095,691258,158.406846647706,158.406846647706
"1069","Smallpox","South Dakota",1930,52,1391,692849,200.765246107016,200.765246107016
"1070","Smallpox","South Dakota",1931,52,669,692136,96.6573043448108,96.6573043448108
"1071","Smallpox","South Dakota",1932,52,158,689387,22.9189120189386,22.9189120189386
"1072","Smallpox","South Dakota",1933,52,21,685014,3.06563077542941,3.06563077542941
"1073","Smallpox","South Dakota",1934,52,134,679438,19.7221821564293,19.7221821564293
"1074","Smallpox","South Dakota",1935,52,293,673071,43.5318116513711,43.5318116513711
"1075","Smallpox","South Dakota",1936,50,608,666315,94.8980587259779,91.2481333903634
"1076","Smallpox","South Dakota",1937,52,142,659559,21.529537160436,21.529537160436
"1077","Smallpox","South Dakota",1938,52,315,653177,48.2258254653792,48.2258254653792
"1078","Smallpox","South Dakota",1939,52,316,647529,48.8009031255743,48.8009031255743
"1079","Smallpox","South Dakota",1940,51,136,642961,21.5668861201016,21.1521383100997
"1080","Smallpox","South Dakota",1941,51,64,639735,10.2003019939169,10.0041423401877
"1081","Smallpox","South Dakota",1942,52,18,637786,2.82226326698924,2.82226326698924
"1082","Smallpox","South Dakota",1943,52,21,636978,3.29681715852039,3.29681715852039
"1083","Smallpox","South Dakota",1944,51,14,637179,2.24026683301263,2.19718477853162
"1084","Smallpox","South Dakota",1945,52,10,638265,1.56674735415541,1.56674735415541
"1085","Smallpox","South Dakota",1946,52,1,640115,0.156221928872156,0.156221928872156
"1086","Smallpox","South Dakota",1947,49,3,642608,0.495430101926486,0.466847596046112
"1087","Smallpox","South Dakota",1948,25,3,645624,0.966506821307758,0.464666741013345
"1088","Smallpox","South Dakota",1949,5,6,649042,9.61416980719276,0.924439404537765
"1089","Smallpox","South Dakota",1950,2,2,652740,7.96641848209088,0.306400710849649
"1090","Smallpox","South Dakota",1951,1,1,656597,7.91962192943312,0.152300421719868
"1091","Smallpox","South Dakota",1952,1,1,660505,7.87276402146842,0.151399308105162
"1092","Smallpox","South Dakota",1953,0,0,664360,0,0
"1093","Smallpox","Tennessee",1928,51,677,2556451,27.0012806740251,26.4820252764477
"1094","Smallpox","Tennessee",1929,52,246,2586671,9.51029334615805,9.51029334615805
"1095","Smallpox","Tennessee",1930,52,423,2616556,16.1662888162913,16.1662888162913
"1096","Smallpox","Tennessee",1931,52,354,2645862,13.3793825981854,13.3793825981854
"1097","Smallpox","Tennessee",1932,52,439,2674701,16.4130495333871,16.4130495333871
"1098","Smallpox","Tennessee",1933,52,50,2703283,1.8496028717674,1.8496028717674
"1099","Smallpox","Tennessee",1934,52,38,2731827,1.39101048492456,1.39101048492456
"1100","Smallpox","Tennessee",1935,52,13,2760562,0.47091860280624,0.47091860280624
"1101","Smallpox","Tennessee",1936,51,11,2789728,0.402035118639158,0.394303674049943
"1102","Smallpox","Tennessee",1937,52,49,2819573,1.73785179528957,1.73785179528957
"1103","Smallpox","Tennessee",1938,52,152,2850358,5.33266347595635,5.33266347595635
"1104","Smallpox","Tennessee",1939,52,212,2882353,7.35510189071221,7.35510189071221
"1105","Smallpox","Tennessee",1940,51,73,2915841,2.55265539338461,2.50356586658875
"1106","Smallpox","Tennessee",1941,51,33,2951018,1.14018480482089,1.11825817395895
"1107","Smallpox","Tennessee",1942,52,55,2987674,1.84089696533156,1.84089696533156
"1108","Smallpox","Tennessee",1943,52,22,3025489,0.727155180534452,0.727155180534452
"1109","Smallpox","Tennessee",1944,51,10,3064120,0.332757151527112,0.326357975536206
"1110","Smallpox","Tennessee",1945,52,10,3103211,0.322246859784913,0.322246859784913
"1111","Smallpox","Tennessee",1946,52,6,3142386,0.190937714208248,0.190937714208248
"1112","Smallpox","Tennessee",1947,49,6,3181247,0.200152548317547,0.188605285914611
"1113","Smallpox","Tennessee",1948,26,42,3219381,2.60919723387819,1.30459861693909
"1114","Smallpox","Tennessee",1949,0,0,3256355,0,0
"1115","Smallpox","Tennessee",1950,1,1,3291718,1.57972219977531,0.0303792730726022
"1116","Smallpox","Tennessee",1951,0,0,3325115,0,0
"1117","Smallpox","Tennessee",1952,0,0,3356627,0,0
"1118","Smallpox","Tennessee",1953,0,0,3386451,0,0
"1119","Smallpox","Texas",1928,51,1793,5616818,32.5479099152776,31.9219885707531
"1120","Smallpox","Texas",1929,52,2442,5726488,42.6439381345076,42.6439381345076
"1121","Smallpox","Texas",1930,52,2736,5824715,46.9722552948943,46.9722552948943
"1122","Smallpox","Texas",1931,51,1799,5909149,31.0412634679532,30.4443160935695
"1123","Smallpox","Texas",1932,52,1068,5981038,17.856432278143,17.856432278143
"1124","Smallpox","Texas",1933,52,822,6042719,13.6031478544675,13.6031478544675
"1125","Smallpox","Texas",1934,52,883,6096708,14.4832260295228,14.4832260295228
"1126","Smallpox","Texas",1935,52,547,6145658,8.90059290640644,8.90059290640644
"1127","Smallpox","Texas",1936,51,78,6192333,1.28432065531208,1.25962218117146
"1128","Smallpox","Texas",1937,52,171,6239589,2.74056512376056,2.74056512376056
"1129","Smallpox","Texas",1938,52,597,6290372,9.4906946679783,9.4906946679783
"1130","Smallpox","Texas",1939,52,532,6347728,8.3809514207288,8.3809514207288
"1131","Smallpox","Texas",1940,51,236,6414824,3.75111540052217,3.67897856589674
"1132","Smallpox","Texas",1941,51,52,6494322,0.816399430812597,0.800699441758508
"1133","Smallpox","Texas",1942,52,125,6586352,1.89786394653672,1.89786394653672
"1134","Smallpox","Texas",1943,52,84,6690408,1.25552881079898,1.25552881079898
"1135","Smallpox","Texas",1944,51,56,6805995,0.838937425250625,0.822804013226574
"1136","Smallpox","Texas",1945,52,14,6932606,0.201944261652833,0.201944261652833
"1137","Smallpox","Texas",1946,52,26,7069715,0.367765885894976,0.367765885894976
"1138","Smallpox","Texas",1947,49,15,7216764,0.220574863566812,0.207849390668726
"1139","Smallpox","Texas",1948,27,83,7373147,2.16802746306091,1.12570656735855
"1140","Smallpox","Texas",1949,4,8,7538201,1.37963951876582,0.10612611682814
"1141","Smallpox","Texas",1950,1,1,7711194,0.674344336298633,0.0129681603134352
"1142","Smallpox","Texas",1951,0,0,7891257,0,0
"1143","Smallpox","Texas",1952,1,1,8077195,0.643787849618587,0.0123805355695882
"1144","Smallpox","Texas",1953,0,0,8267630,0,0
"1145","Smallpox","Utah",1928,51,414,498717,84.6407174928514,83.0130113872196
"1146","Smallpox","Utah",1929,51,166,503528,33.613801409412,32.9673821515387
"1147","Smallpox","Utah",1930,52,27,507847,5.31656187788842,5.31656187788842
"1148","Smallpox","Utah",1931,52,17,511652,3.32257080984732,3.32257080984732
"1149","Smallpox","Utah",1932,52,4,515071,0.776591964991234,0.776591964991234
"1150","Smallpox","Utah",1933,52,28,518278,5.40250599099325,5.40250599099325
"1151","Smallpox","Utah",1934,52,34,521449,6.52029249265029,6.52029249265029
"1152","Smallpox","Utah",1935,51,8,524767,1.55437798967886,1.52448610526195
"1153","Smallpox","Utah",1936,51,82,528418,15.8222927941998,15.5180179327729
"1154","Smallpox","Utah",1937,52,17,532593,3.19193079894028,3.19193079894028
"1155","Smallpox","Utah",1938,52,35,537493,6.51171271067716,6.51171271067716
"1156","Smallpox","Utah",1939,52,26,543325,4.78534946855013,4.78534946855013
"1157","Smallpox","Utah",1940,51,18,550310,3.33501865793291,3.27088368374189
"1158","Smallpox","Utah",1941,51,1,558636,0.18251738934427,0.179007439549188
"1159","Smallpox","Utah",1942,52,0,568306,0,0
"1160","Smallpox","Utah",1943,52,1,579279,0.172628388047901,0.172628388047901
"1161","Smallpox","Utah",1944,51,1,591513,0.172372854550493,0.169057991962983
"1162","Smallpox","Utah",1945,52,2,604968,0.330595998466035,0.330595998466035
"1163","Smallpox","Utah",1946,52,2,619600,0.322788896061975,0.322788896061975
"1164","Smallpox","Utah",1947,49,0,635362,0,0
"1165","Smallpox","Utah",1948,25,13,652201,4.14596113774741,1.99325054699395
"1166","Smallpox","Utah",1949,0,0,670057,0,0
"1167","Smallpox","Utah",1950,0,0,688862,0,0
"1168","Smallpox","Utah",1951,0,0,708526,0,0
"1169","Smallpox","Utah",1952,0,0,728898,0,0
"1170","Smallpox","Utah",1953,0,0,749797,0,0
"1171","Smallpox","Vermont",1928,51,10,358599,2.84330922043077,2.78863019696095
"1172","Smallpox","Vermont",1929,52,139,359226,38.6943038644196,38.6943038644196
"1173","Smallpox","Vermont",1930,52,79,359611,21.9681822858589,21.9681822858589
"1174","Smallpox","Vermont",1931,52,238,359712,66.1640423449871,66.1640423449871
"1175","Smallpox","Vermont",1932,52,174,359580,48.3897880861005,48.3897880861005
"1176","Smallpox","Vermont",1933,52,3,359293,0.834973127781504,0.834973127781504
"1177","Smallpox","Vermont",1934,52,0,358925,0,0
"1178","Smallpox","Vermont",1935,52,1,358551,0.278900351693343,0.278900351693343
"1179","Smallpox","Vermont",1936,50,1,358248,0.290301690449074,0.279136240816418
"1180","Smallpox","Vermont",1937,52,1,358089,0.279260183920757,0.279260183920757
"1181","Smallpox","Vermont",1938,52,0,358149,0,0
"1182","Smallpox","Vermont",1939,52,0,358505,0,0
"1183","Smallpox","Vermont",1940,51,0,359231,0,0
"1184","Smallpox","Vermont",1941,51,0,360380,0,0
"1185","Smallpox","Vermont",1942,52,0,361899,0,0
"1186","Smallpox","Vermont",1943,52,0,363711,0,0
"1187","Smallpox","Vermont",1944,51,0,365737,0,0
"1188","Smallpox","Vermont",1945,52,0,367895,0,0
"1189","Smallpox","Vermont",1946,52,0,370105,0,0
"1190","Smallpox","Vermont",1947,49,0,372282,0,0
"1191","Smallpox","Vermont",1948,24,0,374340,0,0
"1192","Smallpox","Vermont",1949,0,0,376191,0,0
"1193","Smallpox","Vermont",1950,0,0,377747,0,0
"1194","Smallpox","Vermont",1951,0,0,378949,0,0
"1195","Smallpox","Vermont",1952,0,0,379869,0,0
"1196","Smallpox","Vermont",1953,0,0,380612,0,0
"1197","Smallpox","Virginia",1928,10,2,2401199,0.433116955321071,0.083291722177129
"1198","Smallpox","Virginia",1929,3,63,2410933,45.2936684677675,2.61309625775581
"1199","Smallpox","Virginia",1930,4,10,2421851,5.36779512860205,0.412907317584773
"1200","Smallpox","Virginia",1931,6,12,2434415,4.27207357825186,0.492931566721368
"1201","Smallpox","Virginia",1932,28,10,2448960,0.758339400048534,0.408336600026134
"1202","Smallpox","Virginia",1933,52,8,2465798,0.324438579315905,0.324438579315905
"1203","Smallpox","Virginia",1934,52,32,2485254,1.28759474886672,1.28759474886672
"1204","Smallpox","Virginia",1935,52,10,2507671,0.398776394511082,0.398776394511082
"1205","Smallpox","Virginia",1936,50,4,2533410,0.164205556937093,0.157889958593358
"1206","Smallpox","Virginia",1937,52,6,2562857,0.234113725424399,0.234113725424399
"1207","Smallpox","Virginia",1938,52,4,2596428,0.154057805569806,0.154057805569806
"1208","Smallpox","Virginia",1939,52,0,2634570,0,0
"1209","Smallpox","Virginia",1940,51,4,2677773,0.152306837530628,0.149377859885808
"1210","Smallpox","Virginia",1941,51,1,2726395,0.0373976567275562,0.036678471021257
"1211","Smallpox","Virginia",1942,52,0,2780108,0,0
"1212","Smallpox","Virginia",1943,52,0,2838384,0,0
"1213","Smallpox","Virginia",1944,51,4,2900653,0.140603904450102,0.137899983210677
"1214","Smallpox","Virginia",1945,52,1,2966294,0.0337121000143614,0.0337121000143614
"1215","Smallpox","Virginia",1946,52,1,3034625,0.0329530007826338,0.0329530007826338
"1216","Smallpox","Virginia",1947,49,0,3104896,0,0
"1217","Smallpox","Virginia",1948,24,0,3176279,0,0
"1218","Smallpox","Virginia",1949,0,0,3247869,0,0
"1219","Smallpox","Virginia",1950,0,0,3318680,0,0
"1220","Smallpox","Virginia",1951,0,0,3387860,0,0
"1221","Smallpox","Virginia",1952,0,0,3455383,0,0
"1222","Smallpox","Virginia",1953,0,0,3521459,0,0
"1223","Smallpox","Washington",1928,51,1599,1522219,107.103704603376,105.044017976388
"1224","Smallpox","Washington",1929,52,2067,1544172,133.858145336141,133.858145336141
"1225","Smallpox","Washington",1930,52,2345,1563396,149.993987447838,149.993987447838
"1226","Smallpox","Washington",1931,52,1038,1579207,65.7291919298737,65.7291919298737
"1227","Smallpox","Washington",1932,52,665,1592292,41.763696608411,41.763696608411
"1228","Smallpox","Washington",1933,52,283,1603725,17.6464169355719,17.6464169355719
"1229","Smallpox","Washington",1934,52,547,1614623,33.8778773744707,33.8778773744707
"1230","Smallpox","Washington",1935,52,1365,1626134,83.9414218016473,83.9414218016473
"1231","Smallpox","Washington",1936,51,374,1639440,23.2599749507962,22.812667740204
"1232","Smallpox","Washington",1937,52,479,1655767,28.9291911241135,28.9291911241135
"1233","Smallpox","Washington",1938,52,995,1676398,59.3534470931127,59.3534470931127
"1234","Smallpox","Washington",1939,52,235,1702707,13.8015524690977,13.8015524690977
"1235","Smallpox","Washington",1940,51,33,1736191,1.93798141008273,1.90071253681191
"1236","Smallpox","Washington",1941,51,31,1778078,1.77764097735054,1.74345557393995
"1237","Smallpox","Washington",1942,52,14,1827948,0.765886119298798,0.765886119298798
"1238","Smallpox","Washington",1943,52,7,1884913,0.371369925296287,0.371369925296287
"1239","Smallpox","Washington",1944,51,15,1947996,0.78512058787897,0.770022115035144
"1240","Smallpox","Washington",1945,52,9,2016085,0.446409749588931,0.446409749588931
"1241","Smallpox","Washington",1946,52,57,2087893,2.73002495817554,2.73002495817554
"1242","Smallpox","Washington",1947,49,0,2161927,0,0
"1243","Smallpox","Washington",1948,25,13,2236465,1.20905089057955,0.581274466624785
"1244","Smallpox","Washington",1949,0,0,2309543,0,0
"1245","Smallpox","Washington",1950,0,0,2378963,0,0
"1246","Smallpox","Washington",1951,0,0,2442804,0,0
"1247","Smallpox","Washington",1952,0,0,2501026,0,0
"1248","Smallpox","Washington",1953,0,0,2554187,0,0
"1249","Smallpox","West Virginia",1928,51,1300,1680235,78.8871911416219,77.3701297735138
"1250","Smallpox","West Virginia",1929,52,603,1705429,35.3576724683349,35.3576724683349
"1251","Smallpox","West Virginia",1930,51,782,1729205,46.1098211798678,45.2230938494857
"1252","Smallpox","West Virginia",1931,52,250,1751308,14.27504470944,14.27504470944
"1253","Smallpox","West Virginia",1932,52,62,1771815,3.49923665845475,3.49923665845475
"1254","Smallpox","West Virginia",1933,52,59,1790901,3.2944311271254,3.2944311271254
"1255","Smallpox","West Virginia",1934,52,11,1808755,0.608153121898765,0.608153121898765
"1256","Smallpox","West Virginia",1935,52,21,1825578,1.15032061078738,1.15032061078738
"1257","Smallpox","West Virginia",1936,50,5,1841583,0.282365769015027,0.271505547129833
"1258","Smallpox","West Virginia",1937,52,17,1856989,0.915460457762539,0.915460457762539
"1259","Smallpox","West Virginia",1938,52,13,1872030,0.694433315705411,0.694433315705411
"1260","Smallpox","West Virginia",1939,52,25,1886942,1.32489498882319,1.32489498882319
"1261","Smallpox","West Virginia",1940,51,13,1901974,0.69690237410103,0.683500405368317
"1262","Smallpox","West Virginia",1941,51,7,1917274,0.372260558582695,0.365101701686874
"1263","Smallpox","West Virginia",1942,52,8,1932565,0.413957615914601,0.413957615914601
"1264","Smallpox","West Virginia",1943,52,11,1947457,0.564839172315486,0.564839172315486
"1265","Smallpox","West Virginia",1944,51,5,1961544,0.259899304613421,0.254901241063162
"1266","Smallpox","West Virginia",1945,52,0,1974413,0,0
"1267","Smallpox","West Virginia",1946,52,1,1985639,0.0503616216240716,0.0503616216240716
"1268","Smallpox","West Virginia",1947,49,2,1994794,0.106399406635063,0.100260979329194
"1269","Smallpox","West Virginia",1948,24,1,2001447,0.108255010832996,0.0499638511536903
"1270","Smallpox","West Virginia",1949,0,0,2005173,0,0
"1271","Smallpox","West Virginia",1950,0,0,2005552,0,0
"1272","Smallpox","West Virginia",1951,0,0,2002299,0,0
"1273","Smallpox","West Virginia",1952,0,0,1995621,0,0
"1274","Smallpox","West Virginia",1953,0,0,1985856,0,0
"1275","Smallpox","Wisconsin",1928,51,827,2885694,29.2205509757622,28.6586173031513
"1276","Smallpox","Wisconsin",1929,52,681,2913225,23.3761552918158,23.3761552918158
"1277","Smallpox","Wisconsin",1930,51,909,2939006,31.5352717691548,30.9288242351326
"1278","Smallpox","Wisconsin",1931,52,370,2962864,12.487917096431,12.487917096431
"1279","Smallpox","Wisconsin",1932,52,89,2984994,2.98158053249018,2.98158053249018
"1280","Smallpox","Wisconsin",1933,52,538,3005691,17.8993782128635,17.8993782128635
"1281","Smallpox","Wisconsin",1934,52,1010,3025264,33.385516107024,33.385516107024
"1282","Smallpox","Wisconsin",1935,52,642,3044033,21.090441529379,21.090441529379
"1283","Smallpox","Wisconsin",1936,50,400,3062325,13.5844497236577,13.0619708881324
"1284","Smallpox","Wisconsin",1937,52,217,3080478,7.04436129717531,7.04436129717531
"1285","Smallpox","Wisconsin",1938,52,213,3098835,6.87355086669668,6.87355086669668
"1286","Smallpox","Wisconsin",1939,52,199,3117751,6.38280606757884,6.38280606757884
"1287","Smallpox","Wisconsin",1940,51,197,3137587,6.40182232709529,6.27871035926653
"1288","Smallpox","Wisconsin",1941,51,164,3158678,5.29385034734499,5.19204553297297
"1289","Smallpox","Wisconsin",1942,52,42,3181216,1.32024986671763,1.32024986671763
"1290","Smallpox","Wisconsin",1943,52,23,3205364,0.717547211486745,0.717547211486745
"1291","Smallpox","Wisconsin",1944,51,18,3231289,0.567975850395015,0.557053237887419
"1292","Smallpox","Wisconsin",1945,52,14,3259165,0.429557877554527,0.429557877554527
"1293","Smallpox","Wisconsin",1946,52,6,3289177,0.182416452504684,0.182416452504684
"1294","Smallpox","Wisconsin",1947,49,5,3321517,0.159749971142089,0.150533626653123
"1295","Smallpox","Wisconsin",1948,25,6,3356385,0.371828619184033,0.178763759223093
"1296","Smallpox","Wisconsin",1949,2,2,3393996,1.53211730361497,0.0589275886005758
"1297","Smallpox","Wisconsin",1950,1,1,3434575,1.51401556233304,0.02911568389102
"1298","Smallpox","Wisconsin",1951,2,2,3478264,1.49499865450121,0.0574999482500466
"1299","Smallpox","Wisconsin",1952,1,1,3524811,1.47525640381853,0.0283703154580487
"1300","Smallpox","Wisconsin",1953,0,0,3573855,0,0
"1301","Smallpox","Wyoming",1928,51,161,220376,74.4894465572921,73.0569572004211
"1302","Smallpox","Wyoming",1929,52,334,223016,149.765039279693,149.765039279693
"1303","Smallpox","Wyoming",1930,52,251,225565,111.276128832044,111.276128832044
"1304","Smallpox","Wyoming",1931,52,54,228039,23.6801599726363,23.6801599726363
"1305","Smallpox","Wyoming",1932,52,23,230458,9.98012653064767,9.98012653064767
"1306","Smallpox","Wyoming",1933,52,5,232845,2.14735124224269,2.14735124224269
"1307","Smallpox","Wyoming",1934,52,107,235223,45.4887489743775,45.4887489743775
"1308","Smallpox","Wyoming",1935,52,315,237616,132.566830516464,132.566830516464
"1309","Smallpox","Wyoming",1936,51,194,240051,82.4007904856166,80.8161598993547
"1310","Smallpox","Wyoming",1937,52,155,242553,63.9035592221082,63.9035592221082
"1311","Smallpox","Wyoming",1938,52,90,245149,36.7123667647023,36.7123667647023
"1312","Smallpox","Wyoming",1939,52,53,247869,21.382262404738,21.382262404738
"1313","Smallpox","Wyoming",1940,51,14,250742,5.69290737248709,5.58342838455464
"1314","Smallpox","Wyoming",1941,51,3,253795,1.20523396024814,1.18205638408952
"1315","Smallpox","Wyoming",1942,52,5,257038,1.94523766913842,1.94523766913842
"1316","Smallpox","Wyoming",1943,52,2,260476,0.767825058738617,0.767825058738617
"1317","Smallpox","Wyoming",1944,51,1,264115,0.386046927716054,0.378622948336899
"1318","Smallpox","Wyoming",1945,52,4,267960,1.49276011344977,1.49276011344977
"1319","Smallpox","Wyoming",1946,52,5,272018,1.83811365424347,1.83811365424347
"1320","Smallpox","Wyoming",1947,49,1,276297,0.384088314312468,0.361929373102133
"1321","Smallpox","Wyoming",1948,24,1,280803,0.771596694717174,0.356121551407927
"1322","Smallpox","Wyoming",1949,0,0,285544,0,0
"1323","Smallpox","Wyoming",1950,1,2,290529,35.7967707182416,0.688399436889261
"1324","Smallpox","Wyoming",1951,1,1,295744,17.5827742912789,0.338130274832287
"1325","Smallpox","Wyoming",1952,1,1,301083,17.2709850772046,0.332134328407781
"1326","Smallpox","Wyoming",1953,0,0,306410,0,0
